Growth..1991...2001.,Number.of.households,Sex.ratio..females.per.1000.males.,Sex.ratio..0.6.years.,Data.without.level,Below.Primary,Primary,Middle,Matric.Higher.Secondary.Diploma,Graduate.and.Above,Main.workers,Marginal.workers,Drinking.water.facilities,Safe.Drinking.water,Electricity..Power.Supply.,Electricity..domestic.,Electricity..Agriculture.,Medical.facility,Primary.Health.Centre,Primary.Health.Sub.Centre,Post..telegraph.and.telephone.facility,Bus.services,Paved.approach.road,Persons,Primary.school,Middle.schools,Secondary.Sr.Secondary.schools,College,Persons..literate
30.14,70167,844,959,1623,48339,62233,49731,50748,13909,100683,15948,331,293,233,148,16,102,16,78,161,187,201,314084,185,83,71,1,226600
7.19,8075,857,936,346,5062,8544,6439,5150,994,12924,6699,169,163,96,93,0,38,4,31,36,49,51,42068,53,25,22,0,26535
19.06,524649,989,962,46680,347433,305503,114789,254169,43564,912287,210961,1585,1580,1585,0,0,976,61,432,558,814,979,2488003,1521,429,196,NA,1112189
14.98,484588,1017,958,43604,288554,304556,106517,249549,51926,971911,187695,854,854,854,0,0,614,50,330,602,746,760,2345685,839,417,256,NA,1044788
14.47,813797,998,961,57595,445208,478883,189226,409110,81001,1458954,252605,1047,1046,1047,0,0,863,70,475,795,912,823,3491822,1039,668,391,NA,1661089
17.29,521018,974,964,56841,339163,322529,118592,282352,51608,1060051,233606,1225,1225,1225,0,0,659,58,360,803,1007,978,2670097,1215,555,274,NA,1171134
17.18,695906,933,942,104630,347414,561772,244588,909398,466744,1032298,87544,NA,NA,NA,NA,NA,NA,NA,NA,NA,NA,NA,3829753,NA,NA,NA,NA,2634949
37.41,742590,944,959,78742,404250,489521,193364,607300,260503,1264403,173203,860,860,858,0,0,422,30,225,638,713,731,3575064,839,405,238,NA,2034381
13.97,688212,972,951,66105,371893,353924,128269,329607,67575,1482426,340903,1475,1468,1477,0,0,881,76,517,1044,1230,1127,3513934,1456,658,335,NA,1317521
13.55,723015,966,951,67688,474835,439802,175590,352049,85612,1308907,285759,1124,1124,1124,0,0,872,69,493,826,1020,934,3247982,1098,599,367,NA,1595643
14.63,729110,973,955,62694,428105,418774,174537,411463,99917,1277468,288769,984,984,984,0,0,826,84,521,735,864,652,3246004,971,587,340,NA,1595745
15.78,601659,975,970,40606,362116,377075,139285,275834,72950,1039322,205054,1100,1090,1100,0,0,921,44,395,609,739,604,2578927,1000,417,253,NA,1267944
8.93,582377,1014,967,59831,314768,406889,140816,236099,59134,870624,331192,1715,1713,1715,0,0,652,67,426,925,1009,1153,2537593,1645,511,273,NA,1217659
6.36,514912,1009,979,41776,256539,345163,107395,191992,54462,912375,261789,1453,1374,1455,0,0,649,56,427,903,732,822,2249254,1371,352,194,NA,997482
15.36,887003,985,976,75488,417446,577938,211419,535115,184767,1305584,297177,3091,1746,3098,0,0,1647,486,323,715,858,1129,3832336,2293,423,241,NA,2002316
7.92,947276,991,969,76849,715101,867078,239220,438313,122202,1425708,252627,844,843,845,0,0,576,66,462,750,751,720,3803517,805,425,311,NA,2458822
14.05,1011891,978,963,76918,603868,807042,269230,605480,177102,1575433,266164,948,944,948,0,0,642,64,427,838,870,832,4187841,931,482,281,NA,2539974
7.27,1077303,984,959,94688,579683,804976,241137,559524,175832,1869886,320413,694,693,694,0,0,584,71,475,664,666,628,4465144,690,423,337,NA,2455965
10.72,702559,971,954,49645,391396,512915,143921,341687,92527,1306772,230772,992,991,992,0,0,540,74,410,759,879,909,3059423,941,417,318,NA,1532126
11.18,640942,984,954,73132,375380,515113,149694,316461,93056,985312,226390,1110,1099,1110,0,0,520,65,457,842,981,1102,2668564,1053,397,266,NA,1522866
13.48,585987,974,950,61409,315821,482912,145747,323102,91650,931847,233719,875,873,875,0,0,432,74,249,671,773,712,2601797,853,342,245,NA,1420752
18.14,699191,965,958,64483,396608,526192,139903,363649,101204,1500598,244622,884,884,884,0,0,634,80,395,798,782,705,3529494,877,398,224,NA,1592172
14.31,779052,958,958,46809,398372,667978,177709,380349,102827,1471218,306318,925,925,925,0,0,595,72,452,807,852,767,3640478,900,406,291,NA,1774088
14.54,848607,982,954,78776,484531,769687,240584,466832,136183,1462690,290289,1479,1478,1480,0,0,683,90,545,1101,1222,1096,3745875,1365,597,346,NA,2176990
22.69,8294,782,948,496,3835,3146,2535,4535,785,18134,3593,180,159,173,172,1,23,9,0,54,59,57,38924,63,13,2,0,15337
32.21,15637,754,955,833,10517,8778,5725,9725,2108,28850,5512,213,211,168,168,0,47,7,7,15,41,43,74599,97,22,11,0,37687
13.24,12018,985,1035,290,6995,4524,2962,2783,783,23543,2406,309,284,44,43,0,89,6,5,11,40,137,57179,128,34,6,0,18338
67.21,24636,901,977,1189,15664,15056,11464,19892,6715,38401,5731,267,215,60,48,12,17,3,9,11,21,103,122003,69,25,8,1,69982
17.37,19456,983,1004,1292,10147,9338,6443,7104,1605,37473,7932,652,383,175,169,0,74,16,38,15,57,146,98244,147,75,22,0,35933
9.8,10862,960,984,236,7953,6037,3525,3732,896,21067,1348,398,252,77,77,0,26,2,17,9,58,55,55346,141,33,10,0,22379
15.17,18251,912,949,1052,16056,14264,8677,8702,2463,36843,6242,398,348,115,108,0,48,12,7,22,86,105,103918,221,66,19,1,51216
21.66,16133,931,957,634,11850,12096,7375,8782,2758,29183,4369,144,141,120,119,1,21,9,8,29,65,70,87397,116,31,18,0,43495
19.32,6849,848,1010,234,3821,3744,2481,2497,631,15395,1710,92,82,42,42,0,11,3,6,9,29,38,33363,62,15,9,0,13424
33.61,11932,836,945,399,8928,7395,4581,5211,1339,22086,3614,213,177,70,68,0,25,8,6,25,53,65,57720,55,24,12,0,27854
30.78,28537,856,933,981,21909,17174,11292,10511,2576,51049,9302,493,475,184,184,0,40,7,28,54,105,197,143527,160,36,15,0,64445
30.84,24012,906,954,1311,18470,13700,8179,7679,1952,49176,10869,336,307,277,258,1,64,7,11,45,64,195,125422,179,47,25,1,51291
17.21,18957,910,941,399,12592,8387,5230,5360,1436,43807,5267,167,151,147,145,0,41,3,19,29,48,67,100326,137,32,8,0,33404
15.05,168619,943,947,11179,123002,97692,63583,76399,11591,234771,100078,951,949,704,690,14,211,25,38,151,284,557,905764,906,354,118,10,383541
23.42,297121,947,965,13946,228580,152632,105492,101129,23131,399201,71159,1261,1247,904,897,11,374,29,5,272,362,405,1637344,1138,612,205,6,625369
23.07,146826,956,974,7548,145790,92621,67036,60309,10964,209928,63997,761,759,689,688,1,243,18,46,134,209,165,822035,723,311,130,13,384670
12.23,168556,945,972,7842,142193,106878,81738,84500,16694,233087,60156,881,876,607,607,11,112,25,35,132,299,347,904835,805,340,138,4,439861
18.53,290494,941,960,17763,241853,162333,132818,164157,33386,408537,108551,1050,1045,775,768,41,430,32,138,275,370,469,1647201,967,603,320,36,752682
25.75,490740,901,957,28042,355779,312309,275453,466555,169680,697810,144443,1342,1311,1042,1014,14,468,42,117,378,702,938,2522324,1190,592,286,21,1608191
11.98,202708,939,958,14188,178933,138882,121336,174317,30251,291665,92267,798,796,733,609,52,179,32,51,273,362,375,1148824,769,481,226,23,657925
15.79,271841,944,975,25329,214363,155853,127004,139276,23154,404428,123565,1319,1280,1032,1023,11,356,35,72,211,504,930,1504320,1246,457,196,12,684998
21.29,133458,946,965,7934,121385,89100,67786,69749,11307,200132,62692,592,592,389,349,42,219,15,45,162,269,281,776256,531,255,104,8,367292
22.3,410882,944,975,21941,369818,288125,212668,226919,45957,566195,161446,1374,1369,1190,1147,110,480,40,151,548,787,931,2314629,1257,680,309,17,1165617
17.8,315116,929,973,18082,255139,204000,144886,172379,36083,465283,169440,1784,1772,1331,1209,74,235,40,88,422,539,1067,1681513,1372,405,172,13,830579
18.34,157167,951,966,9552,134273,101435,103794,135467,21888,288052,209693,1139,1136,680,677,5,211,23,81,240,291,650,889010,1046,697,265,16,506433
18.93,96949,941,970,7541,80592,62969,57868,85106,10527,155431,94715,1236,1235,253,253,0,83,20,35,94,185,317,571944,1068,505,172,19,304606
19.52,218885,913,957,15110,166316,143102,109758,129043,24927,349847,116504,1107,1104,871,810,11,198,23,69,222,400,694,1150062,936,246,86,7,588302
12.43,228574,931,962,17173,166630,148411,130235,193998,41634,342708,129711,1309,1309,1195,1169,30,263,36,97,300,497,459,1185072,1169,382,177,9,698148
15.95,207185,928,967,10554,153864,131634,145992,198390,31707,287319,143204,866,861,772,766,15,317,33,76,303,429,441,1051736,825,464,243,7,672158
15.84,195691,933,967,17323,150497,126171,123591,201640,41283,285092,129256,787,785,650,635,23,215,30,67,294,382,443,999221,717,421,268,31,660591
14.21,181692,930,963,10935,160261,124707,116314,123363,21774,269896,118744,1066,1064,595,575,14,87,40,14,292,528,501,946279,769,305,139,23,557360
22.57,144334,926,973,10917,129961,97842,71385,63345,9112,231638,98842,2633,1943,780,733,50,72,36,6,184,510,899,813311,1209,392,79,4,382574
23.47,37294,884,955,2577,27696,26167,20031,25701,4126,55031,15168,605,473,197,190,1,67,15,0,78,146,160,188079,565,164,39,2,106354
18.66,273694,945,960,12737,264692,210291,152273,149889,34464,364814,100920,1020,945,741,715,52,134,26,11,310,381,396,1444921,902,381,155,17,824437
21.35,179141,947,965,8988,206569,145859,89941,81460,17096,235016,68278,915,908,639,622,4,224,20,52,408,614,409,1007976,865,347,99,9,550119
20.92,97856,935,926,5089,88603,70326,54660,36681,8151,138216,41665,327,308,268,263,14,110,8,7,135,141,115,542872,308,206,60,0,263547
30.4,522728,901,953,39777,303277,276791,120739,151304,39728,840563,313475,1355,1355,344,290,14,266,54,144,314,116,454,3043466,1040,261,58,5,932347
29.27,645949,897,936,58363,334285,335027,160904,220305,55742,1025654,261189,1279,1279,529,396,67,316,35,130,498,119,494,3939773,1081,348,90,5,1164670
36.16,106808,885,916,13313,38706,41449,18325,26264,6366,133348,27870,189,189,43,39,2,57,9,25,61,15,68,515961,161,56,14,0,144444
32.58,548321,892,924,45072,232998,241271,106199,149796,42252,714136,141020,802,801,302,285,15,216,26,118,277,146,345,2682720,709,264,28,6,817711
26.08,656858,942,939,59231,311450,337265,166293,241046,80377,877412,350311,1034,1033,437,323,30,232,48,157,432,164,547,3575281,901,382,119,27,1195776
29.95,308453,920,925,36513,141754,142665,68442,90900,28675,526267,201955,526,525,151,120,2,104,14,54,194,53,242,1732578,440,187,52,9,509025
31.84,415563,913,962,56822,170917,169716,72976,90784,26900,657446,195999,713,711,129,121,0,60,16,21,211,108,252,2158608,552,162,4,4,589679
31.5,257252,936,946,30065,104143,89804,35723,38799,13632,359819,57332,730,730,116,97,24,120,16,39,123,39,181,1296348,442,91,23,3,313488
35.23,492491,915,967,45607,192055,188455,89717,121468,60584,782364,178336,1103,1095,313,298,10,178,27,74,250,124,284,2543942,676,197,32,8,700070
30.91,455376,919,966,27714,190559,184659,98997,112380,39452,664259,234067,1290,1231,277,224,47,248,30,93,239,83,316,2392638,785,183,56,10,655119
29.45,267179,915,926,24076,110975,116785,56748,91201,31536,498367,185609,384,383,168,138,11,141,24,60,183,65,163,1526646,311,195,42,14,431480
33.03,268453,910,911,22822,117503,121342,63340,103110,37268,411566,177901,441,441,127,109,5,63,14,44,211,60,188,1508182,374,178,29,5,465577
30.85,616636,914,914,82032,293372,325340,150907,232248,82655,761464,267094,1083,1083,490,409,84,271,29,100,404,138,494,3295789,850,267,81,14,1167572
26.74,650882,920,927,89865,377697,375833,184370,271130,138923,895830,244000,1725,1725,1021,790,127,526,50,279,473,216,763,3746714,1423,412,104,26,1440954
26.11,320452,1001,963,23055,251520,226128,128485,158427,28515,466811,174861,1383,1383,439,408,38,261,74,92,231,155,549,2152638,866,189,69,12,816173
24.78,383575,1031,933,45266,306968,306275,180106,209847,67645,511578,218859,1438,1437,441,330,10,254,37,128,361,151,560,2714349,1119,287,68,11,1118027
26.37,471446,966,949,44856,342494,360628,220404,317047,62137,644618,216322,1566,1566,544,438,97,342,46,115,462,170,611,3248701,1213,358,49,19,1347610
26.39,412669,920,937,42767,289620,290962,160999,260462,53254,624452,158265,1414,1414,970,892,55,154,29,97,408,141,627,2718421,929,294,37,14,1098151
25.63,575523,928,937,94677,348068,318259,161391,218608,69956,843356,228618,1122,1122,674,470,91,195,39,112,444,151,636,3394793,878,321,94,33,1211152
29.11,404656,912,945,54409,230002,238430,115437,201143,56953,571564,174511,729,729,457,183,49,167,76,77,260,146,446,2349366,503,233,92,17,896444
29.32,224095,885,931,24151,106607,111887,55070,95168,21286,333262,133978,241,241,114,105,37,124,35,72,152,47,126,1280354,220,136,44,4,414174
27.24,412080,876,966,52742,204880,243090,142439,243765,78697,580731,274614,935,934,445,279,70,229,57,80,358,101,460,2423172,642,216,88,8,965683
24.47,278639,908,964,21838,137137,161536,83442,118870,24495,405608,231057,1682,1677,289,241,37,146,25,83,234,108,360,1608773,909,207,53,8,547326
20.34,195175,872,914,22893,107443,134681,82675,166331,40304,233688,97763,525,524,321,138,37,149,18,68,176,94,337,1137797,382,127,65,7,554332
23.94,125397,921,950,6385,75190,85703,37350,83075,15832,226192,66442,357,357,116,99,15,96,12,50,118,33,125,802225,308,125,34,2,303536
24.96,78958,918,954,8668,44938,55787,23763,57234,11645,151504,42892,268,268,130,46,20,72,7,54,96,67,174,525502,238,95,35,5,202035
18.64,360797,914,941,36592,210649,257416,133793,269470,105051,700007,203137,1000,1000,366,172,182,198,34,118,325,92,398,2370528,879,344,98,11,1015473
30.17,726364,873,922,293828,456450,541973,307964,504159,348464,1161984,263663,1288,1288,615,287,220,390,47,175,471,103,520,4718592,1199,421,161,16,2453501
24.58,321192,902,939,21235,245719,294520,191702,251870,67823,491916,161895,999,998,247,229,23,133,29,69,326,243,465,2243144,885,243,35,1,1073010
29.03,192426,899,924,18334,153170,169511,111320,151446,38342,305398,102788,819,819,318,150,104,95,15,56,187,64,246,1402396,529,147,79,5,642167
30.64,184797,902,939,30513,148388,153131,97772,103874,28174,312872,130015,1349,1345,645,179,290,225,10,52,163,145,467,1289074,791,168,38,8,561854
27.71,346043,909,950,30279,275242,313981,204073,303289,78327,544731,199452,1710,1708,493,334,142,153,32,64,313,265,738,2450748,1185,339,112,9,1205287
28.64,230635,929,916,29147,148272,165901,94041,195509,40964,422789,158116,856,856,219,101,151,123,21,66,206,76,312,1514315,672,175,81,11,674115
30.19,285969,934,943,42368,223690,246053,133900,226566,48108,476390,194621,1739,1739,527,312,160,270,53,68,261,201,445,2013055,1148,220,76,4,920766
30.19,510968,938,968,80880,365097,373287,183747,315430,86752,994459,283180,2680,2678,539,227,340,278,55,107,380,270,711,3473428,1635,277,104,9,1405453
33.08,256386,946,977,33841,164913,193068,85800,165701,35707,507934,166443,964,961,509,91,213,156,37,74,191,108,363,1809696,749,159,60,3,679135
32.9,232939,918,963,25053,134181,146100,60873,93148,16894,392536,204081,1314,1310,270,153,70,124,14,62,164,67,299,1398796,706,150,48,5,476261
16.91,118828,946,969,19088,103521,85487,42217,41975,14373,181837,97989,650,645,405,312,NA,48,13,8,79,47,130,586327,562,114,39,1,306668
24.58,383217,972,976,106497,296575,220260,115576,101299,33241,605013,377028,1745,1742,1432,1043,NA,508,49,139,241,321,540,1972094,1713,468,177,7,873459
12.71,148792,999,975,34349,130597,103656,62225,50922,13790,261952,135946,760,760,550,357,NA,304,42,187,167,125,171,743160,749,202,105,3,395548
18.68,268609,994,964,56271,268796,204985,99568,86502,30355,430725,170839,1410,1409,1385,723,NA,279,20,85,336,253,370,1265529,1350,339,143,3,746495
22.55,203104,964,978,9373,164517,137964,79124,93719,33634,302248,128754,707,707,563,392,24,214,25,116,164,124,201,1011823,674,203,107,3,518372
18.55,254080,998,965,16341,261370,185071,110150,119079,28440,411510,164413,888,888,882,300,91,308,31,158,251,233,342,1317431,871,292,237,7,720507
17.59,390354,971,964,31399,359352,269030,145629,168750,73884,630504,227073,1545,1544,1494,941,NA,452,41,262,311,253,627,1998355,1426,417,254,5,1048167
13.86,112679,1002,969,26000,112289,68700,27349,19935,6752,231030,60618,952,948,774,530,NA,162,14,83,109,97,255,584552,785,100,43,1,261036
17.7,246524,1023,983,95384,265489,223080,116435,91107,31552,558996,90405,1595,1595,1550,1056,NA,343,23,50,314,403,630,1283224,1484,351,139,8,823076
16.88,543486,982,965,62545,543973,466403,265099,338969,116771,965624,197209,1762,1760,1737,931,NA,669,76,301,597,453,860,2810436,1698,529,338,13,1793890
18.97,581582,980,964,54132,571410,462342,234779,268987,121842,961507,303156,2101,2100,1955,1240,NA,696,35,377,622,267,857,3016930,1987,530,215,10,1713653
8.72,176607,1018,979,27307,175408,142893,65748,55893,17560,300907,110840,1103,1102,1068,730,NA,279,18,29,247,107,304,860257,1014,201,93,1,484836
19.72,130407,1004,976,25227,155851,130136,63651,51119,15880,268236,85994,628,627,557,298,NA,261,15,61,192,70,194,706591,575,144,72,2,441921
18.84,127294,1005,974,69563,136406,88486,49589,41617,11125,252484,99375,1043,1007,849,613,NA,93,27,28,151,84,327,650934,949,209,69,2,396797
18.28,259798,1011,1008,40399,183735,110533,61122,56155,19533,407252,280163,1375,1375,1105,893,NA,281,48,161,314,107,467,1306673,1230,305,155,2,471780
15.56,146190,1016,1014,15549,67783,37694,21178,26720,7989,284770,95474,1204,1170,578,491,NA,201,26,54,157,52,191,719487,1006,164,51,3,176944
40.33,206465,777,844,5945,88518,115349,90111,204402,138441,328989,11433,23,23,23,1,1,18,1,1,23,21,21,900635,18,14,14,0,643245
11.71,9241,1118,959,105,6779,8095,4390,5978,819,11404,2458,2,2,2,0,0,2,0,2,2,2,2,44215,2,2,3,0,26167
83.49,26445,591,906,338,14786,19113,16274,25517,5390,56118,2811,21,21,21,0,0,21,3,15,20,21,21,113989,20,15,8,1,81433
60.12,561945,820,856,16320,336760,414858,309552,550540,329431,872142,47297,62,62,62,11,9,44,2,1,60,62,61,2860869,57,31,46,0,1957902
13.3,148927,826,885,5647,84263,116492,90266,155998,87355,244890,11706,5,4,4,2,1,3,0,0,4,5,4,781525,3,3,2,0,540192
62.52,310887,849,875,13821,222702,270927,211702,300605,121084,470993,29432,12,12,7,5,2,4,0,0,8,12,9,1768061,7,4,4,0,1141035
41.61,287638,843,865,9826,152458,199177,157781,310647,238014,456216,19094,3,3,3,0,0,0,0,0,2,3,3,1463583,1,0,0,0,1068139
2.47,39633,792,897,1665,17489,24105,21377,36440,30013,64425,3169,NA,NA,NA,NA,NA,NA,NA,NA,NA,NA,NA,179112,NA,NA,NA,NA,131196
1.91,120616,842,902,9341,65525,101683,75263,119540,79593,213324,10527,NA,NA,NA,NA,NA,NA,NA,NA,NA,NA,NA,646385,NA,NA,NA,NA,450989
47.81,432782,830,859,13948,220759,289230,222665,463594,323357,686517,34398,9,9,9,1,1,5,0,0,9,9,9,2128908,9,7,11,0,1533738
61.29,364511,784,845,10007,184787,237497,201038,396897,227609,569836,32710,51,47,51,11,11,26,2,2,49,51,51,1755041,49,30,50,1,1258033
50.27,466444,799,887,15744,250170,313497,242046,436353,325459,739173,39385,16,16,16,1,1,7,2,0,15,16,16,2267023,12,10,14,1,1583540
59.2,45586,812,979,1228,26108,25077,15408,28169,7896,96184,17938,69,69,69,0,0,67,9,37,44,60,69,220490,69,36,16,1,103904
13.93,164129,953,937,9387,113407,110017,93191,183788,56876,242190,65438,209,206,206,0,0,111,6,80,114,195,200,758573,188,110,104,4,566668
16.16,130683,972,937,8623,75499,83652,66067,143627,41421,183115,32112,138,137,137,13,9,74,5,51,69,128,131,589095,120,61,68,2,418894
20.9,320588,942,921,12438,253685,250155,104847,140506,32699,498186,107413,886,882,863,61,21,672,45,170,616,841,688,1583225,835,0,105,0,794483
26.31,426781,930,906,13753,424367,308578,112479,153151,24897,830579,261622,1242,1233,1225,328,197,523,61,252,954,1114,1066,2504244,1217,0,198,4,1037619
14.08,222630,932,865,5885,215489,165823,69614,121119,21088,395470,137608,516,513,517,9,2,265,28,208,454,485,478,1182709,514,0,127,6,599082
12.04,364447,927,800,9603,345067,306412,160453,309309,56891,665080,163439,593,593,593,3,3,440,47,272,546,593,560,1837892,589,0,276,5,1188224
18.3,399847,947,879,13244,299309,296151,176084,332201,53757,662249,278188,1370,1368,1358,187,163,784,69,361,1070,1338,1162,2082531,1362,0,544,20,1171555
23.88,269440,912,813,5710,221042,214072,136174,231335,71259,467413,86923,291,291,291,14,14,244,23,129,261,286,283,1334455,290,0,177,5,879834
26.61,1150588,892,835,34840,816251,963479,602259,1113922,479990,1799126,210239,546,542,546,61,20,428,35,181,488,539,540,5816519,542,0,156,0,4012140
25.34,277667,924,886,7798,260586,231369,119782,132242,29293,512038,135571,649,649,650,2,0,170,30,136,443,599,478,1515148,648,0,111,2,781155
25.6,597990,930,854,19339,489497,561231,341580,492263,129543,1076436,168370,844,844,844,99,78,542,58,341,723,830,690,3169881,842,0,214,1,2033946
22.39,350105,941,898,14273,307824,317584,178293,207926,57566,624057,110325,695,694,666,21,7,286,32,212,541,626,452,1904278,666,0,134,3,1083696
14.35,105893,946,897,3029,86630,91944,58461,63064,13007,173594,41540,182,178,155,8,1,130,9,60,132,141,132,536835,156,0,33,1,316172
17.08,432884,955,902,14948,396444,397552,245044,293642,60977,785530,215312,922,916,901,38,3,803,50,369,743,828,765,2448173,858,0,299,6,1408878
6.45,248677,987,892,8015,272031,255693,100584,133486,20031,470043,130776,614,613,615,102,85,383,39,170,520,590,535,1393918,614,0,118,3,789978
19.29,426001,937,881,17227,451513,447754,176531,217579,57987,781166,163393,790,790,789,126,104,526,46,269,618,758,690,2469630,786,0,122,2,1368920
13.03,360808,910,848,8141,323092,328052,163168,299294,71226,617669,167042,350,350,350,13,9,301,54,181,330,346,345,1856872,350,0,211,2,1193404
13.24,395493,923,875,11755,351172,343682,180020,299712,56489,694400,213780,612,612,612,34,34,432,57,285,498,559,548,2024216,612,0,306,6,1243363
20.36,360862,938,934,12135,302434,276113,156973,239821,37261,616885,359841,1201,1200,1201,206,104,781,58,318,591,1003,963,2025277,1182,0,378,8,1025835
28.35,244009,985,966,9252,194817,145165,87404,130333,20770,496410,318180,693,693,692,79,18,580,40,308,315,572,572,1636433,690,0,182,3,588074
19.8,739276,919,885,20092,544745,532329,314118,596035,219863,1202620,316225,1548,1548,1532,280,192,1254,72,447,827,1114,1134,3641802,1488,0,242,7,2228008
14.4,104038,949,945,2940,88671,72778,39196,47023,8831,176372,82744,552,544,530,30,4,324,20,128,267,318,398,514404,515,0,58,0,259472
19.32,282677,921,917,7217,245062,242665,125810,203903,49957,469551,101142,657,654,656,3,2,403,31,211,539,582,600,1370656,644,0,136,5,875519
47.04,1027843,835,871,21145,749869,897529,499495,847536,189593,1981266,201243,1167,1167,1165,142,86,1040,71,484,873,1040,1036,4995174,1134,0,239,9,3206404
29.58,36498,987,974,1047,38529,25573,11049,11161,2217,68599,24394,311,311,311,251,34,258,9,48,78,211,185,186729,309,0,25,1,89586
13.22,257161,955,915,5025,199422,204846,130100,227515,51890,457002,88213,374,374,374,8,8,268,30,224,353,371,365,1229463,368,0,148,2,819146
29.66,289159,920,933,8035,206715,200325,133866,225426,58659,503333,146924,450,450,425,139,11,303,31,237,293,383,347,1410553,449,0,115,1,833257
51.16,92593,823,828,3801,50241,64345,41250,89592,48484,150353,28291,222,222,224,152,NA,86,2,37,136,136,205,468411,193,93,84,2,297795
25.69,184319,868,781,5297,113292,177353,115883,192036,58843,275648,48873,482,482,479,26,NA,204,17,73,408,370,478,1014411,432,188,216,4,662789
21.84,183238,862,805,8954,126259,182389,113863,165121,42063,280728,55805,613,613,607,97,NA,248,16,119,437,246,596,1041630,483,161,157,0,638711
23.72,142950,866,771,5270,108187,143229,82975,122395,32775,250596,57796,402,402,406,135,NA,179,18,103,365,262,407,825454,385,139,109,0,494873
20.95,164258,853,790,6201,126436,143353,76312,100857,19385,268127,103884,270,270,270,38,37,160,19,118,228,228,270,946131,261,147,185,2,472563
23.13,224230,865,808,8113,166169,208280,123098,180013,46851,355466,99989,422,422,422,46,NA,186,23,122,314,305,414,1274183,385,188,170,1,732609
38.57,174388,829,808,6963,122396,147276,96105,151277,35403,289013,93788,179,179,179,89,NA,116,14,85,155,144,171,967449,168,110,104,2,559478
22.36,223342,839,788,9201,161024,193323,133517,247039,43912,383449,139582,323,323,323,50,50,248,22,157,291,286,320,1279175,316,232,255,2,788105
21.35,204942,852,818,9882,161970,181858,98902,145996,23995,372049,149897,306,306,306,123,NA,247,28,121,280,265,306,1189827,300,210,200,0,622654
24.76,142017,884,828,9522,110228,120062,59284,78653,14390,261623,101352,243,243,241,34,30,143,16,84,203,220,242,806158,237,152,128,1,392178
22.96,194809,882,817,10952,153153,172232,90443,120460,27303,363946,111625,321,321,318,59,38,197,28,132,250,300,310,1116649,312,157,123,4,574624
27.06,272738,851,831,11521,206809,228924,131189,214909,48813,516817,148755,272,272,272,81,NA,219,30,172,233,262,272,1537117,260,223,269,2,842302
22.45,246742,879,840,13158,190479,227844,135464,207427,35372,425210,184110,437,437,437,82,NA,252,55,235,324,419,436,1425022,429,321,363,1,809896
20.99,167593,847,798,8102,112757,141601,100047,182301,47537,288225,82848,146,146,146,24,NA,118,17,82,135,134,145,940128,130,117,140,2,592485
24.09,158075,847,800,5383,104085,139426,100081,167785,24836,276208,112507,247,247,246,137,NA,150,26,104,181,200,247,880072,238,164,150,3,541635
19.09,135218,918,817,5119,106547,138412,91716,117411,19064,204704,147160,368,368,368,228,NA,190,17,100,233,288,367,812521,350,164,121,1,478296
25.24,135560,899,811,5104,94485,126813,93964,141258,26537,204855,128767,397,397,397,62,52,175,10,104,266,316,396,765351,379,165,151,3,488190
44.64,273881,873,857,18447,195476,202181,129579,212394,76434,464644,165014,694,694,693,606,NA,203,24,144,307,443,677,1660289,642,228,186,2,834693
48.47,391426,839,849,18992,277239,287742,204851,354094,126692,609663,176099,413,413,413,131,NA,188,27,140,181,254,395,2194586,376,185,161,1,1269801
17.09,87029,959,954,4354,72121,75341,34228,51105,8997,128452,102000,1118,1108,1111,962,0,300,28,199,483,402,333,460887,852,290,172,2,246169
14.01,272487,1025,835,11092,163622,259382,174315,287036,44916,336649,252345,3619,3617,3602,1455,75,786,48,430,2346,2127,1767,1339030,1869,725,466,9,940505
6.17,7999,802,961,1333,5282,5439,3288,5098,1164,19209,1879,287,266,250,241,0,65,9,34,77,167,87,33224,189,57,42,1,21609
25.6,76902,927,959,3747,65666,68910,35947,53725,11636,166715,49798,172,172,172,123,2,140,13,98,163,111,82,381571,171,122,96,0,239649
16.05,182378,1013,918,7906,119193,165195,95535,173205,26714,269076,185216,2833,2833,2827,1225,49,533,45,309,1803,1207,748,901344,1621,498,315,3,587884
11.62,86771,1099,850,2529,44767,79284,59251,96848,15783,119870,85535,1635,1634,1619,370,7,289,16,153,1422,891,733,412700,555,224,163,3,298498
18.43,88181,997,837,3377,55738,88129,57583,93782,13646,119050,82608,758,756,756,389,26,284,12,131,675,489,450,448273,415,193,145,4,312278
15.35,65750,990,881,3082,38795,67592,42373,68148,11726,110652,56056,965,963,962,370,16,230,19,135,674,574,513,340885,544,168,102,1,231733
30.64,99317,852,900,4363,62747,88573,58832,94957,22900,172274,91171,2386,2332,2383,1535,169,310,20,178,1783,1210,783,500557,798,227,129,1,332410
20.72,81441,901,934,5362,78462,82376,41188,54470,12755,175913,49959,966,952,964,576,27,254,23,140,652,523,317,458593,694,227,121,1,274643
16.9,154693,896,929,11640,97060,114805,78995,153284,48464,305709,64514,2519,2493,2508,1921,69,396,53,256,1806,938,477,722502,1363,453,288,3,504330
17.79,18641,857,979,775,13424,14945,9158,11537,2069,40313,7498,196,188,232,160,6,77,17,32,150,90,78,78334,158,76,60,1,51913
29.05,174264,934,962,13092,100712,92857,48324,51170,10916,231057,171864,858,849,190,139,58,116,18,54,126,99,180,1035464,566,155,42,2,317078
26.8,352829,935,967,33789,206209,216865,107506,150002,35898,444921,348737,2465,2461,410,313,122,349,45,98,324,305,581,2098359,1474,335,0,8,750293
29.05,129348,959,975,11234,94507,81157,35306,39319,8712,188843,110265,1343,1343,131,103,7,30,8,12,75,51,172,791434,558,104,4,1,270256
24.02,391606,950,965,19873,321029,282228,166762,214238,65684,532895,257154,1543,1541,413,319,16,147,37,79,261,124,436,2277475,962,225,88,14,1069890
26.32,78835,1001,974,6584,70944,59545,25390,34863,10167,109394,65616,526,526,200,169,9,72,13,32,52,47,116,499403,269,46,19,3,207495
27.09,301872,982,977,25575,231361,196026,90613,98939,24811,340925,303719,2532,2529,481,388,41,229,29,99,220,125,474,1904430,1232,221,70,9,667385
24.46,190037,914,972,11055,151615,132877,67813,80065,26206,283711,149003,2356,2355,289,248,9,94,18,49,149,146,304,1165390,768,156,49,7,469652
21.61,192649,926,977,16954,101438,101841,53607,72291,17374,238694,183247,1633,1576,257,221,40,141,24,67,147,104,341,1047939,892,179,53,6,363825
25.89,173104,942,972,8481,92769,72112,42219,46385,13814,278407,109638,1307,1207,119,114,1,69,16,38,94,52,300,927770,599,113,13,3,275829
24.34,132987,957,964,8025,59171,48036,24863,24190,6634,209435,100140,1128,1077,70,63,0,94,13,47,82,94,198,701664,596,82,12,1,170931
17.31,331318,961,976,21877,230245,209924,105943,99816,22993,470354,308024,3737,3718,213,188,12,312,53,132,302,282,693,1759602,1732,320,68,NA,690834
22.82,427939,874,951,27670,316204,325848,246471,329778,102522,492501,171557,1121,1121,503,426,10,154,19,59,178,77,482,2397102,708,183,61,14,1348584
22.11,317378,894,949,19929,198945,214614,159357,247536,82686,336131,173179,621,614,121,107,4,146,16,54,147,61,158,1777662,482,114,52,8,923150
25.72,505508,938,961,39249,339729,354556,249307,357487,160004,750962,325942,2052,2033,331,328,2,377,43,177,354,209,504,2785064,1343,362,1,11,1500541
26.14,65915,976,944,3738,46441,42447,28107,27698,8227,100918,52455,352,351,45,42,7,69,11,50,71,7,99,364521,254,68,6,1,156710
16.6,253469,993,976,12717,152438,159144,109189,108270,26466,446953,211968,1393,1390,92,74,6,365,39,226,286,213,287,1346767,1015,290,129,13,568234
16.35,405251,975,968,18091,206253,233474,156525,193556,49399,535154,382603,2777,2732,249,244,7,449,57,110,205,239,625,2082795,1914,485,25,NA,857301
22.66,374772,930,941,19167,227792,263554,189301,333179,136165,455527,237137,1610,1605,455,445,15,118,8,59,137,160,266,1982988,906,194,22,3,1169213
38.59,87052,906,1021,19625,43762,49065,53021,57176,9893,123713,88788,359,290,345,18,0,194,31,11,68,207,253,650393,346,149,67,1,232557
31.18,158901,903,963,31484,90604,97012,96009,106243,25681,270992,100529,639,601,617,147,1,231,29,13,172,346,460,1169780,595,266,98,0,447075
31.45,168232,851,948,37075,89649,101964,115438,220417,76539,330195,54474,168,157,168,10,0,74,14,1,52,142,151,1202447,149,73,29,0,641267
26.5,86489,930,1002,20047,47633,49071,43950,52789,12608,152980,73012,470,408,467,212,9,174,30,21,130,300,307,629309,419,179,59,0,226167
24.49,92738,945,1032,22280,54273,57661,53728,75934,17608,151135,61464,538,515,538,27,0,181,18,21,135,333,384,652607,473,179,64,0,281518
32.7,160395,922,986,41012,90591,97284,97638,110811,25804,261678,133310,605,552,594,65,0,277,34,8,163,421,520,1172434,562,254,83,0,463197
30.42,24147,823,954,4004,11984,15707,13957,18977,3572,38776,19349,112,97,96,92,0,104,9,31,49,85,80,117232,111,65,29,0,68278
31.39,17146,837,979,3142,13572,12883,14497,15065,1635,38330,17315,127,122,91,84,0,105,7,11,48,98,65,119307,126,74,37,0,60803
26.76,109500,903,964,13204,63657,62058,63344,62773,9365,194309,123971,649,622,574,17,1,395,22,4,176,186,177,691929,557,274,106,1,274425
26.95,122462,860,930,13555,70678,90460,77607,76342,14762,245387,121043,594,542,524,410,7,261,32,57,330,316,291,743509,535,226,96,0,343429
28.08,59848,919,958,6610,32185,38931,40392,31434,6832,86507,114593,172,168,170,3,0,118,21,13,94,105,117,372613,168,115,62,0,156398
25.19,81116,878,904,7256,44306,60684,66255,47476,8237,118413,99799,377,339,360,41,0,189,20,16,206,234,230,483284,344,192,101,0,234228
28.39,304100,868,816,20757,151313,220259,261039,312206,104813,434430,93901,1040,1034,1033,300,0,328,30,62,431,752,821,1588772,787,327,126,0,1070574
20.91,96393,901,840,6881,56273,78668,77174,74150,14199,161823,43599,556,538,531,246,25,214,27,26,279,362,452,550084,452,241,90,0,307370
17.4,789164,960,921,32577,675665,681713,233698,555114,126507,1537645,340129,1254,1254,1247,0,0,740,121,451,1040,1136,1126,4214505,1240,979,404,16,2305279
18.84,293645,980,939,16621,254452,230572,73843,175891,43406,561559,158100,618,617,617,0,0,429,41,191,491,587,461,1651892,560,476,155,9,794785
17.63,317379,950,928,18729,276393,240833,81050,193305,56251,551972,166241,659,658,657,0,0,392,51,271,561,572,357,1806918,626,558,244,11,866561
21.02,536056,966,937,42131,397499,345382,123657,310638,78138,1010430,339642,1327,1323,1342,0,0,708,109,376,910,975,875,3130922,1337,808,249,3,1297445
19.56,252250,949,941,27404,197821,223243,76573,196756,46559,424985,132618,596,596,596,0,0,293,41,206,474,487,465,1502373,591,411,157,5,768358
21.93,297775,983,964,28540,245076,177843,58192,134598,32550,544347,188415,806,783,796,0,0,338,47,187,520,622,436,1669762,306,254,77,1,676799
24.57,210888,983,953,17930,216383,140403,45683,93327,20820,422208,132298,590,585,594,0,0,281,44,145,406,467,439,1196089,560,391,94,3,534547
13.14,181500,969,951,9308,180661,155973,53681,122380,29358,388763,69054,327,327,322,0,0,202,29,131,277,300,224,971835,297,256,105,3,551362
16.65,297494,949,942,13779,265574,270372,93207,262645,86968,587018,97474,358,358,359,0,0,201,24,121,302,349,187,1604253,313,271,93,2,992550
10.9,273422,971,946,10304,307104,246858,101631,185288,52839,455302,125976,1243,1223,1148,0,0,359,50,108,902,773,714,1353644,964,558,180,4,904024
13.29,NA,NA,NA,NA,NA,NA,NA,NA,NA,531221,135493,NA,NA,NA,NA,NA,NA,NA,NA,NA,NA,NA,1439116,NA,NA,NA,NA,837509
22.3,373034,969,946,23988,314498,275866,108406,199472,58253,801369,119452,523,515,524,0,0,260,53,208,383,471,418,2027140,381,358,140,11,980483
15.05,296718,955,946,15737,228923,239747,108463,211183,45637,576035,145800,916,913,946,0,0,197,56,143,722,722,714,1517896,879,620,278,11,849690
14.78,337484,952,945,20222,277453,289955,136028,259402,62560,631726,152055,786,784,808,0,0,278,57,248,613,682,577,1790952,727,526,291,17,1045620
12.9,341224,978,955,12369,269618,307761,145435,263089,70661,586832,127839,1415,1411,1399,0,0,311,51,170,1046,980,1014,1642545,989,626,199,10,1068934
6.88,NA,NA,NA,NA,NA,NA,NA,NA,NA,417287,70886,NA,NA,NA,NA,NA,NA,NA,NA,NA,NA,NA,1112243,NA,NA,NA,NA,810584
11.98,246110,984,958,12820,174942,217446,104208,175305,38887,428830,87847,1029,1019,1034,0,0,161,51,113,580,572,668,1140905,518,465,188,7,723610
11.87,550473,967,949,26140,353737,442987,246919,376384,79317,1050291,266648,2477,2475,2573,0,0,382,85,287,1284,1554,1562,2584711,2123,1321,483,12,1525485
13.83,504185,972,959,25706,329607,404772,223831,332698,65652,1014667,220361,2797,2781,2785,0,0,490,85,375,1211,1973,1726,2536069,2342,1073,251,NA,1382267
34.8,1460697,908,942,59922,665866,993052,591695,1735275,736744,2378180,188734,651,650,644,0,0,144,25,104,424,480,504,6537124,561,277,94,14,4782565
12.21,NA,NA,NA,NA,NA,NA,NA,NA,NA,726652,165879,NA,NA,NA,NA,NA,NA,NA,NA,NA,NA,NA,1881514,NA,NA,NA,NA,1071327
7.14,373672,986,934,18018,199499,286608,170984,230259,46091,682440,157979,1330,1322,1323,0,0,458,113,309,684,842,1022,1763705,1185,787,242,17,951460
9.66,364806,1004,958,13691,238258,313894,187201,239412,52127,702827,161884,2330,2325,2341,0,0,482,80,379,1311,1320,1859,1721669,1990,1016,313,8,1044584
14.51,362216,1022,951,6826,338980,483612,157540,310789,93990,841509,104881,354,354,354,0,0,327,56,272,349,346,345,1897730,352,342,192,11,1391738
11.64,130110,996,976,4273,83154,109557,61766,90068,24723,247574,18804,279,279,286,0,0,138,38,121,241,242,264,548561,267,199,102,10,373541
15.04,545741,964,961,23181,306190,419378,217783,373399,131222,926129,184135,1184,1173,1215,0,0,459,85,354,774,997,904,2641027,1101,714,227,9,1471155
9.16,203430,971,964,12796,112389,133704,65811,88966,19034,336961,111408,421,421,418,0,0,108,49,18,288,335,346,965462,368,267,89,1,432700
12.3,225252,1047,959,15737,205087,256203,186515,189868,30391,327762,90083,112,112,112,0,0,93,40,30,111,112,112,1204078,111,92,95,4,883860
7.13,457368,1090,961,20943,350835,544405,441878,521715,91604,626876,140321,78,78,78,2,2,78,43,14,78,78,78,2408956,78,77,80,6,1971403
17.04,166763,995,959,9477,135598,154742,134323,122652,19920,219789,88824,48,48,48,5,3,48,29,44,48,48,48,780619,47,46,54,7,576735
9.87,567658,1057,958,24198,447198,601267,598508,556008,108192,630836,172064,87,87,87,0,0,87,56,53,87,87,87,2879131,87,85,97,9,2335442
17.22,612413,1066,959,38077,678943,775445,747341,451421,63246,691848,182628,122,122,122,0,0,121,94,96,122,122,122,3625471,122,121,152,14,2754509
9.86,530216,1066,963,29628,402235,519629,510415,403353,73476,768620,176432,144,144,144,0,0,139,80,77,144,144,144,2617482,141,127,144,6,1938818
8.7,639871,1092,958,19327,497934,546008,503278,719444,151519,808965,146335,204,204,204,1,1,194,76,49,204,204,204,2974232,196,162,156,12,2437592
9.09,693161,1019,954,24520,476336,528694,503631,820372,225105,915756,201335,90,90,90,0,0,89,67,36,90,90,90,3105798,89,85,114,NA,2578813
6.96,265344,993,968,10231,176890,217996,203095,234505,39708,400699,86653,64,64,64,4,1,62,46,38,64,64,64,1129221,60,59,74,9,882458
6.76,434520,1025,962,10972,287281,345448,355148,540662,128708,539609,102548,89,89,89,0,0,88,65,30,89,89,89,1953646,89,87,123,13,1668266
5.21,483960,1079,955,19544,321620,378825,425623,513397,99917,547049,176305,77,77,77,1,0,74,58,34,77,77,77,2109160,75,73,99,10,1758978
3.72,297134,1094,967,10519,176696,209013,251917,336720,64974,285844,80205,65,65,65,3,2,63,50,32,65,65,65,1234016,64,61,91,9,1049876
7.33,593314,1069,960,19622,365157,449780,539180,593072,123596,654823,173743,93,93,93,1,0,92,58,43,93,93,93,2585208,93,90,128,11,2090444
9.78,759382,1060,962,32359,409276,527786,634060,732255,222693,818497,229438,91,91,91,0,0,90,65,41,91,91,90,3234356,91,87,114,NA,2558494
17.19,9993,948,958,2488,12358,12994,9162,6718,959,11710,3644,8,8,8,0,0,7,4,7,8,0,0,60650,7,6,8,0,44683
23.21,245421,977,961,27965,198188,147995,68675,131899,28499,458321,151712,932,895,778,295,198,259,47,128,299,679,614,1311709,920,217,160,4,603221
16.01,324557,944,906,33191,287710,272659,130236,256675,60362,573496,164445,675,675,673,365,356,276,40,120,384,596,539,1707947,669,328,289,10,1040837
15.44,732767,933,880,45138,672889,650949,329660,563675,119062,1300086,263897,1491,1491,1486,0,0,934,74,380,1425,1428,1376,3682690,1470,663,442,11,2381376
18.03,445634,946,908,26020,490339,381863,203864,275600,56203,908797,107218,1289,1286,1263,15,30,379,19,30,677,846,1012,2232480,1194,618,230,4,1433889
20.51,319947,938,933,18448,326724,280039,177990,268309,63735,582264,65979,851,850,840,179,123,212,7,30,277,530,736,1630239,786,374,242,NA,1135245
18.25,200958,939,917,10253,214413,169377,82710,129753,24256,395651,59681,697,695,687,380,371,292,9,52,294,507,593,1020216,666,304,183,7,630763
18.45,526230,938,941,34341,537635,433284,305648,431104,114536,908363,187259,1646,1646,1629,302,273,705,61,180,888,981,1475,2607160,1444,675,379,13,1856549
15.3,270502,935,928,13691,235556,184139,152341,227660,52169,431330,119021,998,998,998,248,334,392,26,149,735,697,768,1236736,842,362,201,19,865556
23.25,838599,932,941,40132,714181,593659,555120,780536,292546,1283079,255270,1621,1621,1616,598,649,161,27,20,726,869,1443,4067637,1419,594,273,14,2976205
11.2,244531,981,956,7957,236573,158182,156083,172183,39684,365464,171421,772,772,774,191,41,442,32,188,503,453,415,1136146,716,313,219,9,770662
10.49,249720,1005,958,11074,275016,185713,143438,162514,30658,391890,187706,891,891,884,214,53,527,39,231,560,486,443,1200707,832,418,213,6,808414
23.25,210362,976,965,9945,172054,120709,80995,89838,16579,336959,160145,1509,1503,1320,544,185,369,37,79,199,505,1110,970294,1279,392,175,11,490121
17.26,462632,948,939,16585,374883,306002,241905,301614,70018,683029,247762,1462,1460,1444,807,632,318,54,92,370,736,1349,2071101,1359,608,260,12,1311008
18.46,518214,942,932,32617,516171,383231,232990,303089,69675,949453,169484,1820,1818,1795,253,169,723,59,364,513,1184,1455,2458271,1729,783,319,14,1537777
23.08,527875,942,928,71612,524856,416146,191069,330094,91908,965087,236950,1538,1537,1531,2,1,209,71,111,458,1141,1049,2876259,1536,768,504,26,1625685
19.76,180695,953,926,16402,205778,154660,67561,79787,19120,412838,47140,659,658,657,12,14,171,37,55,187,426,545,987160,650,301,103,6,543309
15.31,278702,958,922,24517,294176,230416,107401,145218,40808,559917,84835,830,830,824,12,2,386,33,104,293,587,824,1527715,821,387,145,2,842536
18.17,303886,951,903,24794,324877,249322,106869,135386,29151,611998,104902,963,963,959,117,133,380,42,109,362,637,848,1612980,952,497,158,4,870399
31.93,549898,924,890,36544,490608,455114,233997,424582,130802,1025531,151326,1294,1294,1286,17,46,701,40,121,523,916,1080,2897013,1236,667,249,4,1771659
29.51,915137,927,920,53499,817907,814181,453224,776968,210382,1911340,274233,1923,1923,1911,0,0,918,110,479,1001,1503,1745,4993796,1905,863,664,20,3126188
54.86,1755124,858,931,92544,1115473,1322471,818886,1691149,595234,2782004,397977,1726,1725,1723,993,279,697,66,449,539,1300,1385,8131849,1709,536,273,8,5635799
27.2,1838426,822,922,106731,1032701,1556583,1010677,2041567,868911,2971039,181470,NA,NA,NA,NA,NA,NA,NA,NA,NA,NA,NA,8640419,NA,NA,NA,NA,6617264
4.79,677163,777,921,58562,399471,600035,415610,811413,305520,1250710,61029,NA,NA,NA,NA,NA,NA,NA,NA,NA,NA,NA,3338031,NA,NA,NA,NA,2590613
20.89,478933,976,938,25719,390552,398377,249510,307692,86468,664689,249306,1858,1856,1848,1814,21,562,46,218,1170,1374,1331,2207929,1723,713,275,5,1458324
30.58,1517041,919,902,85293,999712,1234236,737247,1431502,551221,2645429,309053,1844,1822,1815,414,166,755,88,59,1004,1424,1627,7232555,1809,1068,604,NA,5039290
21.2,776787,940,884,55219,726356,718363,355240,593593,149809,1611061,245985,1578,1578,1578,51,51,852,142,131,1232,1261,1360,4040642,1575,899,707,26,2598597
18.54,414973,936,893,34496,403026,323189,151017,259282,70423,830658,126926,1353,1353,1354,0,0,318,56,74,342,1075,1170,2161250,1344,670,344,10,1241434
23.95,381600,935,917,33202,350523,326969,180947,292029,70863,712849,127669,921,921,919,9,8,409,19,11,501,773,768,2080285,917,640,360,13,1254534
15.35,295750,932,893,24288,232199,248126,128486,192685,46238,555202,98320,729,729,727,57,69,400,37,176,577,575,605,1486586,726,492,255,5,872022
19.32,735092,935,894,55333,655398,711633,332698,466479,115283,1485967,257074,1136,1136,1138,0,0,715,82,233,805,991,1126,3849543,1131,922,685,12,2336825
14.1,570606,995,877,31180,444765,548233,290898,479369,114502,1044989,258669,1716,1699,1701,21,13,646,89,113,1103,1325,1458,2808994,1680,912,506,NA,1908947
9.87,377366,1136,952,16675,327323,367654,164363,178857,40950,557613,205774,1538,1533,1539,1311,50,810,67,382,991,1391,1401,1696777,1484,1043,321,6,1095833
3.55,192666,1079,944,7988,150313,187388,108179,131412,27638,233827,171158,743,743,735,149,0,593,37,242,578,658,597,868825,722,556,212,4,612919
17.59,712349,949,838,43555,537745,646010,333618,634498,168879,1394882,258088,1194,1190,1190,0,0,638,86,143,806,996,921,3523162,1185,837,523,NA,2364307
17.59,506593,957,851,36226,395814,501154,236743,433642,114255,952241,266414,721,719,721,66,70,567,71,260,635,674,674,2583524,719,569,440,19,1717836
29.23,16149,922,936,2885,10097,16167,12056,13097,2511,43353,7510,171,75,75,75,0,42,8,27,44,36,47,111499,157,68,15,1,56819
29.81,37626,944,968,9235,30746,36192,27406,28475,6998,71933,27430,539,161,306,306,0,66,7,48,69,95,123,227905,395,143,48,5,139080
13.9,35303,993,951,3722,19143,21085,28539,32825,14474,55557,34146,48,41,46,46,0,28,7,21,28,41,38,208368,47,38,23,0,119823
24.62,67681,998,966,5196,34811,40258,51767,51218,18800,111486,65857,90,88,84,84,0,36,9,26,38,73,79,364140,88,58,35,1,202102
15.42,79078,1004,944,6332,35811,43273,70823,97181,57683,129101,49010,114,104,114,114,0,35,4,28,51,103,105,444382,112,74,53,5,311238
19.16,69182,991,962,4509,37837,44284,63063,73202,33010,106562,50320,196,170,191,191,0,35,0,32,45,103,120,394876,189,100,50,6,255956
28.98,23318,916,946,1615,13553,21575,22113,22673,5995,51564,14951,198,110,154,154,0,47,4,35,55,59,86,140778,188,79,36,1,87549
72.8,20908,981,961,1677,10574,14523,13039,14308,3327,39935,14610,323,125,190,190,0,25,6,15,53,76,126,118327,214,50,16,2,57460
27.98,95524,968,960,7566,77564,52624,29859,38497,5385,163008,45353,1465,1314,536,488,6,148,29,44,96,356,425,518390,1118,286,97,2,211499
31.1,45062,966,971,3263,52378,32931,17899,13078,1322,78806,33190,862,727,287,283,0,91,15,44,38,181,261,250582,716,134,40,0,120874
28.59,17900,942,970,1725,17283,11948,6384,6059,415,31351,16497,595,363,117,108,1,22,6,7,24,111,153,100980,416,71,22,0,43816
33.59,50035,968,974,6098,79230,32783,14991,12352,2128,97784,31311,923,719,326,320,2,70,21,29,88,254,286,296049,877,185,59,1,147590
51.44,34844,941,971,7840,48017,21053,9876,10061,1906,71237,18170,543,455,359,350,0,37,14,16,41,213,255,192790,457,99,23,1,98754
22.88,125567,981,971,8987,136270,84592,59433,88682,37129,219190,37372,920,811,682,661,15,54,29,4,117,480,465,660923,758,186,65,1,415160
34.12,49918,996,994,9294,56014,23696,12145,15666,3357,95635,31242,462,415,291,258,2,70,20,17,87,295,207,299108,383,124,47,3,120182
3.5,12253,896,936,580,17793,11786,6611,3220,857,27428,7737,81,20,63,63,0,35,5,28,41,35,34,62785,72,44,24,0,40849
36.01,14053,908,972,1182,19384,14227,9422,5028,1351,27441,8069,39,34,30,30,0,19,2,17,14,17,13,65960,30,24,12,0,50596
39.24,64753,952,972,3008,80883,67374,58941,43311,16154,125328,37633,96,53,81,74,0,46,6,40,56,55,45,325676,86,68,43,0,269699
29.77,22059,944,972,1616,36061,23377,11824,7102,2051,49658,18476,88,76,64,64,0,51,8,43,60,36,31,108392,80,72,41,1,82036
18.45,10116,967,977,631,17545,12300,7393,3588,1124,24783,7740,35,15,34,34,0,25,5,20,21,11,12,53861,32,30,15,1,42582
23.1,27889,922,962,1445,37039,25687,16973,11926,3025,60870,10922,160,39,101,101,0,55,9,45,57,50,49,137223,130,82,30,0,96097
34.78,13902,899,938,4990,15194,8268,5064,4253,831,26188,7905,139,42,27,27,0,24,4,20,30,16,18,73620,134,40,13,1,38603
33.16,11109,954,961,1389,15322,11250,6806,5186,1026,20754,6227,68,1,26,26,0,28,6,22,33,14,7,61056,67,51,20,0,40983
29.72,96898,895,929,10823,82746,57015,27245,22433,7261,152553,76724,525,524,408,155,NA,159,10,94,179,195,220,559495,438,77,42,1,207536
24.09,237803,822,837,20068,261979,224989,157372,137803,35535,451530,139069,776,775,749,293,NA,368,16,171,331,142,377,1592714,736,308,153,2,837828
17.06,215478,829,832,23212,229884,220817,173169,147085,33425,396769,128601,887,887,863,411,NA,427,19,171,355,123,380,1428559,864,388,213,2,827663
26,272242,848,853,14621,222358,225628,165751,208973,117832,441815,88814,611,611,594,120,NA,246,13,107,436,197,355,1632109,558,223,70,2,955356
21.82,107129,857,874,28745,118626,106846,59474,44598,15050,226330,89690,546,545,543,165,NA,197,9,92,408,129,197,628240,512,128,63,1,373358
27.16,241868,858,906,61485,270972,169556,83562,70328,26478,507173,145097,1348,1343,1258,381,NA,375,16,196,608,237,300,1441950,1166,243,85,1,682555
27.11,276543,885,930,71982,302597,211195,94899,81240,36016,496734,186254,2067,2057,1969,985,NA,267,23,162,461,262,560,1666767,1639,278,93,1,797993
27.88,207821,886,915,31513,168469,155317,91542,76369,19113,395575,170602,863,863,859,301,NA,279,17,149,196,220,276,1202998,808,229,172,1,542498
27.33,251334,869,916,23930,210897,187015,96146,82056,31240,441443,151027,1075,1072,1033,287,185,407,28,152,252,274,345,1474723,970,238,98,0,631370
24.17,166649,901,931,56247,136741,105010,59739,48604,13871,261183,112422,948,941,836,368,NA,230,15,109,194,159,241,856558,811,200,87,0,420622
22.7,376379,884,931,23036,344354,343146,182697,160798,64817,637857,201906,1891,1887,1825,409,NA,379,24,222,420,360,436,2021987,1427,320,102,3,1118993
20.46,218777,901,935,12907,191662,165303,88125,68512,21804,348890,137596,1172,1159,1103,391,NA,272,14,159,288,229,372,1083949,910,169,61,3,548331
27.52,346977,925,930,34085,270655,273238,176370,175804,54531,554667,190577,1811,1801,1683,576,NA,456,33,202,481,316,554,1870104,1389,370,196,3,984833
26.84,362657,941,926,21059,259468,235155,181747,230974,62859,585034,277925,2398,2396,2263,840,NA,607,27,250,399,266,681,1973306,1545,473,333,6,991410
22.58,102358,946,959,16294,79522,71069,37845,32713,9839,141725,75812,588,583,541,266,NA,157,10,66,144,88,190,515963,513,127,41,0,247303
18.87,322125,957,972,40999,226531,216891,124734,118502,39887,453017,228907,1377,1375,1233,724,NA,846,41,101,325,292,459,1575303,1297,291,166,2,767630
33.28,333916,932,953,43052,282708,183880,109089,108311,31425,544069,213516,1750,1744,1513,554,NA,344,23,132,286,304,716,1831152,1427,363,195,9,759929
21.25,136981,950,931,10015,136773,118653,58700,57330,21828,282243,66019,674,674,669,178,NA,168,20,98,449,259,269,726070,582,207,39,0,403371
23.67,216671,956,945,29663,267830,201202,91746,77417,26142,454507,115822,896,896,902,394,NA,300,39,90,538,300,292,1183724,830,224,98,1,694046
24.97,217701,958,957,69132,228073,170031,84966,83957,36427,405049,142803,1027,1027,1029,336,NA,200,20,70,581,356,517,1215393,962,243,79,0,672715
23.63,298036,938,937,77652,323692,263266,135370,143351,71378,588377,166911,1084,1083,1096,42,47,257,16,114,650,252,302,1710982,1040,203,48,3,1014882
24.87,219796,927,935,79478,311722,192607,79001,62864,22546,436444,193347,1064,1062,1061,198,NA,209,15,28,496,197,340,1290685,993,222,81,3,748357
26.39,226155,930,930,20245,220886,184452,102164,98489,30072,429159,151263,1059,1057,1055,131,NA,356,25,173,680,187,237,1308223,944,228,62,2,656369
23.56,224588,986,973,59592,152538,83598,41016,42646,17109,487387,244859,1304,1295,1227,632,NA,520,40,130,368,314,524,1394561,1216,336,105,0,396590
27.29,302701,955,943,46530,253090,197874,101520,102712,33387,595586,215829,1467,1454,1434,461,NA,752,48,368,528,438,615,1740329,1312,412,156,4,735243
40.82,447478,912,908,25661,310857,370687,271803,367120,228758,766796,126873,625,622,624,120,NA,227,38,97,447,208,313,2465827,574,195,66,4,1575436
27.95,264596,949,962,66362,298139,208339,91535,86634,29655,589450,114989,1174,1169,1159,424,NA,375,59,238,529,437,502,1529562,1093,425,154,7,780796
29.87,170365,971,970,26415,133509,91173,42023,42096,15095,390220,133530,709,694,611,217,NA,257,41,122,172,156,197,1081441,664,218,58,1,350354
19.31,306979,936,941,25907,355242,239858,99054,107944,38579,628376,124319,1051,1049,1012,310,NA,477,60,234,582,329,394,1713134,995,259,102,0,866818
26.24,216168,932,937,34253,210266,148503,71331,62187,21871,438139,187355,1671,1669,1664,574,NA,205,23,28,427,174,320,1254085,1354,249,101,4,548640
25.18,214612,875,943,16937,227187,183353,81228,66431,32781,346221,105566,1502,1501,1479,632,NA,304,27,120,427,230,363,1214857,1195,232,74,1,608083
35.91,350061,895,924,19149,234329,247944,181511,277470,198979,500524,90930,510,510,511,193,NA,82,11,20,358,85,152,1843510,411,83,29,0,1159823
28.22,183477,909,927,24021,191731,162327,84152,65592,22872,308433,143009,1018,1018,1014,326,NA,292,20,84,581,160,264,1078912,939,220,74,2,550972
27.8,201389,881,936,46122,233270,182033,95054,75988,26154,308803,102918,1403,1397,1339,634,NA,230,21,124,511,173,345,1125154,1227,380,84,8,658705
27.8,249103,965,969,37162,267521,207368,107066,114482,36605,418604,197372,1333,1329,1298,566,NA,399,42,144,449,222,391,1395175,1263,381,175,5,770252
24.53,83820,919,925,9429,105115,70653,31456,29648,11368,152079,61147,512,510,486,187,NA,52,5,38,199,83,120,474416,394,68,19,0,257682
22.4,200399,896,926,17219,190326,170657,99721,110481,47367,293965,93155,925,924,883,209,NA,375,20,154,558,169,291,1084265,796,187,75,2,635839
20.61,216451,941,951,12422,178803,156659,90917,88799,27570,295075,148620,884,881,847,441,NA,279,22,110,373,317,289,1064167,782,235,118,1,555204
22.59,431968,908,930,22022,309193,346309,245581,322023,150769,624580,175022,1334,1331,1342,521,NA,323,26,177,530,255,475,2151203,1053,273,107,2,1396120
21.88,183149,909,917,37451,218178,163508,89801,90348,25469,310073,93390,1017,1008,1033,410,NA,273,24,102,516,152,316,957646,855,228,112,4,624793
13.23,125459,991,989,16392,97126,76196,38565,26381,7091,260447,70460,895,883,775,690,20,197,28,145,101,174,194,580730,799,184,89,1,261764
14.66,190035,996,980,20978,168114,121692,60369,56676,19150,322151,142246,1177,1171,1047,795,NA,342,40,211,205,147,395,894236,1140,287,105,4,446998
17.86,354907,952,958,48521,371506,264193,128871,157362,50077,559318,220215,1885,1883,1882,714,NA,408,73,144,790,312,513,1849283,1675,464,290,6,1020599
16.49,231959,981,977,23498,240749,190243,82155,74325,25158,380973,188087,1571,1571,1550,789,NA,360,32,243,434,295,593,1166608,1461,400,130,2,636216
5.85,310067,1022,967,14401,303327,260633,137143,119334,35809,493229,260352,1274,1274,1169,769,NA,457,40,235,377,313,550,1497968,1165,378,187,6,870688
73.42,34922,879,973,2682,27745,31478,17350,12159,1310,108206,22642,110,106,102,102,0,69,14,9,29,58,51,260652,107,60,13,0,92726
78.1,60780,897,957,8279,37805,54957,37755,37510,3871,156950,27974,251,234,238,235,8,123,32,4,56,91,85,414818,230,111,40,4,180186
43.48,37330,919,988,4189,28031,44197,39682,49330,9493,82160,27100,101,91,97,94,0,82,18,8,54,81,76,232085,99,58,27,2,174982
61,26610,947,944,3287,16972,24222,18748,21949,3936,47491,9292,186,180,187,187,0,57,8,1,30,96,147,153955,178,44,17,0,89139
95.01,25899,927,984,2119,21182,30603,23216,29080,5988,49679,6575,128,114,105,104,0,67,8,1,24,29,47,161223,104,32,13,1,112198
73.3,58077,854,969,4322,39415,49270,38531,55305,14448,87581,15725,215,201,178,176,1,90,3,9,100,91,112,309024,185,57,24,7,201350
49.96,55565,911,967,6283,37792,49001,37627,50543,14916,114456,20567,179,150,148,146,0,82,18,5,62,97,115,310084,164,65,33,5,196180
45.12,28874,921,925,1306,20710,26792,16874,16296,3549,57454,13944,104,103,102,101,0,54,19,6,20,56,58,148195,102,55,22,1,85562
11.47,296514,976,957,15117,245140,249457,93408,118362,28280,384710,208820,1180,1180,1154,760,NA,229,52,201,825,368,531,1346336,1134,461,287,NA,749820
15.13,106839,946,948,6565,89339,90669,43070,66985,16249,133148,56445,346,346,335,158,NA,65,18,52,269,106,163,509716,321,127,84,11,312880
14.17,202247,969,959,12490,163395,157269,69036,105367,37291,282174,139172,1238,1237,1037,718,74,166,32,131,406,348,362,935613,825,294,188,21,544861
17.02,58324,980,956,2002,42254,46515,17816,25246,6030,69848,56412,711,706,307,267,52,41,9,34,170,248,419,274108,487,178,83,10,139877
16.26,394060,957,969,13571,246925,266849,157537,255929,74647,480134,258669,1723,1719,1220,733,NA,345,61,308,471,494,639,1830673,1436,523,270,23,1015485
16.79,326784,977,961,17751,220226,216473,129539,153161,43741,395160,226066,2062,2041,1415,1237,NA,374,60,296,684,535,956,1561990,1677,757,495,NA,780918
17.89,472123,980,955,18360,279035,257013,167052,189667,53696,618457,409340,3746,3658,2234,1939,NA,561,88,498,768,870,1554,2223456,2681,889,486,NA,964860
19.24,403653,953,943,12810,352280,365601,177018,235371,76372,483345,161788,2587,2585,2314,1406,NA,298,71,223,835,406,1037,2024508,1782,1125,586,NA,1219495
20.47,238888,974,942,11595,234531,264062,124330,161403,46921,301570,83549,1243,1243,973,672,NA,203,46,151,537,307,421,1333749,954,547,318,10,842855
13.25,271475,1014,940,9907,238908,253080,139242,180835,43620,293565,94731,1407,1399,1189,962,NA,236,46,207,1078,263,488,1302005,1109,623,371,NA,865643
13.15,221783,963,925,8564,175753,210226,107179,193478,42623,247726,82247,1227,1226,1093,990,NA,174,39,154,726,289,691,1057629,905,465,293,NA,737848
14,466326,938,939,16069,390398,428041,251400,354489,134291,613883,180151,1856,1852,1751,1251,NA,299,53,246,678,589,1156,2341094,1432,695,424,NA,1574742
17.08,327129,972,936,14965,258445,289716,162077,219666,59544,347328,99197,1575,1571,1457,1174,NA,258,55,214,633,347,969,1624341,1183,746,424,NA,1004464
12.46,222023,961,925,13157,206700,191465,87602,109048,31348,261875,94638,1075,1069,885,699,122,177,35,144,484,314,414,1066878,821,431,277,23,639363
10.39,178231,938,903,10484,177851,166957,71909,80575,22038,205676,82377,1531,1527,988,855,85,175,36,154,318,453,746,864516,849,361,206,14,529840
24.79,374338,902,925,17780,296834,337969,197922,290926,169403,480247,94816,1358,1357,1233,960,91,188,45,163,499,352,844,1877395,957,490,261,NA,1310867
14.8,287463,968,930,16211,302914,306686,173065,167251,58355,373481,77059,1591,1589,1511,1000,198,238,47,201,534,371,781,1502682,1148,593,296,NA,1024523
16.01,644919,998,939,55649,515568,522328,191227,269998,76807,819726,486206,2801,2738,2177,1552,NA,478,87,397,922,933,1163,3160635,2129,733,404,13,1631722
14.02,111405,1031,964,7626,57387,54959,21643,27286,6935,179992,95542,1512,1423,739,577,NA,118,22,108,174,259,419,518837,895,126,59,7,175850
18.6,145676,1008,970,5556,103469,82864,40427,37775,9581,176128,130081,2377,2262,638,561,NA,164,41,130,515,381,432,648201,1427,248,118,5,279705
17.45,83245,984,965,4872,77074,55094,20616,17922,4743,105794,64967,1113,1106,522,434,NA,65,13,52,123,190,280,373372,553,121,55,2,180321
13.39,115533,966,967,10086,101666,92739,38938,39324,9162,148695,88285,824,823,613,514,NA,92,20,75,162,142,296,541835,654,212,100,8,291931
8.52,303385,984,967,24042,196334,202083,80273,107242,28036,351689,208061,1762,1762,1290,919,NA,237,47,197,378,423,714,1337194,1672,399,263,26,638048
13,122601,1007,968,6822,65176,54005,28352,27390,5644,131561,112799,648,646,367,202,NA,103,17,86,484,150,392,530690,575,223,80,5,187412
17.99,320624,1001,984,21290,174170,156321,67866,75827,17904,382050,238900,2082,2012,907,618,NA,224,49,198,312,449,828,1335494,1315,401,220,20,513383
15.27,190381,1028,980,10897,78406,71574,30897,43441,12584,249909,149275,2462,2371,733,630,NA,210,32,195,356,381,782,831109,1291,158,73,7,247829
20.26,227026,991,998,24865,108940,78755,35023,30256,6677,264800,242595,873,870,435,381,41,216,39,182,210,196,394,1025766,780,247,95,6,284538
14.41,284876,999,983,19240,106236,93337,43481,66172,21567,353367,217068,1922,1867,683,618,NA,254,50,235,1058,260,417,1180637,1234,199,106,9,350044
13.71,109483,997,981,5681,44192,38736,18120,15959,3806,154179,93445,933,886,100,85,5,119,26,112,102,85,197,504198,543,109,46,2,126498
54.52,7226,975,963,221,4162,5933,3000,4809,1773,9298,611,NA,NA,NA,NA,NA,NA,NA,NA,NA,NA,NA,31394,NA,NA,NA,NA,19898
20.82,163864,990,966,8846,69029,133263,106616,149493,55530,247949,17927,63,63,63,0,0,48,16,30,63,59,63,735332,62,38,37,4,522782
10.09,6054,1147,910,273,4629,8270,6924,9215,1923,8420,888,NA,NA,NA,NA,NA,NA,NA,NA,NA,NA,NA,36828,NA,NA,NA,NA,31234
17.11,38394,1022,979,1328,18811,35218,25426,32531,9138,51700,5862,29,29,29,0,0,29,10,14,29,28,29,170791,28,18,18,2,122453
19.33,366025,890,788,21230,223419,333312,236226,461359,69513,568322,132235,1531,1531,1532,0,0,517,82,7,1111,1153,1474,2104011,1375,443,269,7,1345447
22.72,541339,876,789,36625,330327,440311,281407,588144,116805,938100,174100,1151,1151,1185,0,0,696,154,26,1123,992,1102,3096077,1114,611,307,9,1793999
16.34,136664,888,784,7382,81344,120637,86011,160506,31470,231222,31519,618,618,618,0,0,359,11,47,604,298,525,754521,478,194,123,1,487554
18.4,364030,887,805,17704,209338,321830,229657,449212,123954,599324,77511,934,934,934,0,0,598,29,42,903,703,934,1962700,832,361,230,7,1352044
13.81,279904,935,812,9400,175253,267773,196060,347343,54347,415123,98228,1386,1361,1386,0,0,382,38,176,1092,827,1292,1480736,1232,332,235,5,1050378
10.43,107763,914,808,5273,72248,113131,71063,117099,15552,238405,25293,465,465,465,0,0,210,23,21,416,399,325,587468,414,200,154,9,394429
23.39,205954,871,794,7652,127017,188319,127864,241745,67260,397119,40224,864,864,864,0,0,496,18,67,773,652,772,1116108,785,278,212,5,760067
18.65,93414,854,766,4502,61585,98165,63487,102297,17270,182020,24119,442,442,442,0,0,171,11,24,244,356,442,538041,419,129,103,0,347364
24.79,558650,824,816,35142,322639,490418,345583,664797,177203,1041517,108121,897,897,897,0,0,550,72,25,772,824,896,3032831,842,450,291,15,2036278
13.93,153744,887,818,9172,103696,141484,82548,137872,19640,302602,56161,321,321,321,0,0,225,32,74,284,230,321,894854,297,205,187,12,494525
20.42,301112,885,822,17967,202779,249084,153723,237261,42295,535889,112787,954,953,968,0,0,756,36,60,855,836,968,1746107,866,406,166,2,903273
18.68,135442,891,811,8560,86921,106371,68229,103194,18336,264579,44993,234,234,234,0,0,127,17,94,226,234,234,777493,230,172,124,0,391658
21.42,97690,883,812,4653,62735,78777,47844,83477,18108,181873,27881,163,163,163,0,0,107,11,61,153,161,163,550892,160,139,63,0,295618
19.89,208993,870,785,15504,129527,167149,101163,178842,40236,408924,91743,280,280,280,0,0,181,21,92,278,280,279,1183295,280,185,150,1,632570
19.83,121075,880,781,7927,78444,87634,49923,74797,11881,227622,53869,237,237,238,25,25,123,15,100,234,235,237,688758,237,135,67,1,310632
18.57,348922,871,785,19550,229215,289589,167272,284127,51416,714076,100022,697,697,697,22,22,291,35,214,660,672,674,2000173,684,417,244,2,1041310
20.31,327859,868,776,17201,209048,291071,190361,320437,91461,589015,92936,1053,1053,1054,0,0,172,26,20,859,685,1053,1844934,986,333,161,0,1119824
27.53,303107,873,849,37594,282038,272986,159919,166798,46110,552559,167233,2820,2221,1817,880,NA,654,47,203,1330,1500,1812,1789423,1653,536,129,0,965445
24.34,247838,894,871,44666,275091,218570,120271,113206,23856,491225,137086,1773,1481,1221,689,NA,355,32,114,681,765,1070,1518005,759,376,161,2,795660
38.18,248960,890,916,33572,231180,197222,125597,131025,48265,522482,138975,686,552,485,209,NA,173,31,94,289,427,446,1674271,611,277,66,0,766862
24.6,290619,948,911,155538,394344,233275,125205,98989,21529,587431,266468,925,897,877,401,NA,423,60,265,628,591,573,1923878,909,488,181,0,1028880
20.9,299391,946,862,108783,383211,285006,182336,158524,35009,495148,265762,855,855,848,170,160,378,63,241,672,563,579,1913689,843,485,257,3,1152872
30.23,461973,886,887,61865,416188,397269,279773,258478,74707,947587,511099,1954,1950,1843,678,NA,553,55,196,1019,589,1244,2992592,1811,736,269,0,1488281
27.05,313897,854,878,78057,370558,259166,181635,136521,37645,573547,279366,1365,1364,1238,582,213,481,49,130,730,296,824,2101142,1298,511,174,0,1063582
31.13,142256,827,859,25731,186508,119366,67696,46894,12585,273184,156130,786,785,521,272,NA,207,21,62,289,154,443,983258,723,229,63,0,458782
29.96,180512,855,873,62398,230601,149450,84870,65042,16311,355450,127660,754,753,555,160,NA,285,19,109,348,260,449,1209665,695,317,120,0,608672
27.44,176738,889,901,28834,153627,131165,94399,79537,28351,366794,102370,718,717,563,221,NA,238,26,107,383,215,311,1117057,652,259,85,2,515913
32.42,193498,899,905,38651,211200,157487,113274,101117,28847,417275,125259,1025,1025,919,357,NA,217,35,90,372,205,517,1317063,875,334,103,4,650576
35.1,815766,897,898,129553,755975,691865,516810,606755,326964,1584361,279694,2077,2076,1962,579,NA,622,65,260,940,845,1172,5251071,1863,735,283,4,3027923
24.11,333300,951,885,86773,414024,355110,217442,192894,50901,633421,254494,985,985,965,118,NA,470,70,311,776,630,581,2287788,945,522,239,0,1317144
29.33,421118,947,915,99949,449191,340224,195832,161518,41207,844039,285475,1466,1461,1417,424,NA,580,82,396,907,995,827,2775058,1417,630,233,1,1287921
33.77,456877,907,919,51685,373470,333990,223180,235776,101764,829721,275288,1058,1047,911,443,NA,462,79,304,658,685,653,2886505,983,482,165,1,1319879
47.45,85385,821,868,15463,77037,46044,27054,28129,8233,153139,58548,576,544,183,122,14,144,19,109,309,312,289,508247,473,159,38,0,201960
36.83,309739,892,918,164788,370095,186398,91014,70014,19718,680208,239521,1933,1828,948,634,NA,433,70,296,955,1036,851,1964835,1777,521,133,0,902027
26.78,238489,964,921,32202,237570,143657,65123,39067,11356,506324,220885,697,691,627,211,NA,333,44,235,470,489,443,1448940,679,338,98,0,528975
30.08,159307,943,918,21333,133778,92703,54237,49739,16148,245762,98143,454,452,399,101,NA,201,31,139,306,222,285,851107,423,196,81,0,367938
22.39,339660,981,924,27137,276791,243891,123555,102687,32232,518158,206725,936,936,883,248,NA,451,56,303,753,636,615,1820251,906,429,164,2,806297
26.1,376731,931,922,40208,322150,294587,189918,222930,99061,690818,165991,1025,1025,966,352,NA,352,51,235,786,446,632,2181670,970,405,164,2,1168856
24.24,192579,934,927,27326,167266,130861,86903,75613,25505,425230,107452,1031,1029,818,396,185,246,41,121,434,208,420,1211671,887,317,116,0,513474
24.8,169479,907,911,24168,152324,115674,71990,55644,17973,305977,150960,838,834,733,303,NA,178,25,95,287,208,370,962620,764,238,85,0,437773
26.14,384540,962,948,39579,282860,219767,120984,127141,49022,764916,174932,1693,1692,1553,590,NA,473,75,307,904,651,696,2013789,1516,514,195,0,839353
19.88,193744,1000,936,20976,162210,127994,63856,57865,16145,275912,125946,973,973,947,347,NA,251,41,177,571,515,487,987024,870,307,105,0,449046
27.37,507829,971,948,108696,419447,293270,166985,181056,85944,724120,376760,2337,2331,1647,626,NA,619,83,398,853,937,995,2633312,2030,664,235,1,1255399
26.58,202701,1022,954,25087,147952,118641,64365,53631,15761,272283,259093,853,853,723,237,NA,368,47,260,391,383,471,1107643,819,335,113,2,425440
29.84,261613,974,964,42579,182922,134908,79162,67938,21972,529393,180019,1476,1473,853,383,NA,450,63,254,424,486,679,1501589,1348,444,129,2,529481
21.46,356833,964,929,28268,288374,227075,118142,106971,38274,749689,180650,2201,2200,1948,682,NA,384,64,205,712,798,862,1803524,1777,527,152,0,807105
28.52,280883,896,911,35148,252606,240399,164047,194898,81681,420734,120628,811,810,736,243,NA,225,22,111,383,182,416,1568525,715,223,78,1,968781
26.19,170824,909,918,14093,175161,145677,76951,64461,18778,300615,135760,1089,1080,932,390,NA,178,26,82,437,211,405,1021653,915,283,75,0,495121
23.34,201489,926,934,35215,218513,144230,77818,60857,19959,399386,155395,1476,1474,1185,496,NA,214,30,114,483,253,393,1180323,1173,282,61,0,556592
31.32,10921,752,995,589,8674,5582,3788,4278,602,17553,5989,53,50,46,46,0,44,3,19,35,19,29,41030,42,20,14,0,23572
25.48,23244,929,965,902,24670,17862,8690,7112,1365,45407,7872,121,121,115,115,0,86,7,40,71,84,89,123256,107,60,33,0,60628
33.37,25477,927,968,1521,30474,20311,10169,9841,2292,57367,12326,145,145,142,134,0,99,5,37,83,98,106,131525,131,72,37,2,74614
37.17,54581,844,950,4668,45303,40720,25189,33463,10089,92577,23952,131,128,125,69,0,100,7,45,97,74,88,245040,112,69,50,1,159521
22.35,633033,971,957,70150,246806,471224,361514,568109,147823,850994,186103,619,619,617,75,2,616,113,183,552,467,609,2754756,554,243,154,14,1865707
9.76,962213,957,972,113528,332748,670347,570677,1108847,540339,1380757,107607,NA,NA,NA,NA,NA,NA,NA,NA,NA,NA,NA,4343645,NA,NA,NA,NA,3336695
18.84,653241,975,960,213687,305858,517245,360999,435005,119364,916295,228634,1035,1035,1030,96,0,1032,112,279,841,769,938,2877468,807,308,170,23,1952198
15.09,756365,997,942,53477,389836,719830,445813,509488,85081,1172645,254535,783,783,758,82,83,756,80,105,715,673,718,3477317,729,369,246,8,2203552
16.66,638305,938,869,42162,322248,501096,244353,344470,61860,1188366,224884,1064,1064,1061,387,358,995,71,333,1057,898,968,2856300,876,391,324,8,1516221
6.8,489055,995,947,273676,219384,377565,202301,201644,22578,829944,234839,1037,1037,1031,105,94,1010,110,109,876,912,967,2186125,948,378,214,8,1297151
6.83,635210,984,961,58864,338585,574962,304065,327322,46718,1125229,319948,1428,1428,1407,319,299,969,86,253,1274,1197,1315,2960373,1313,477,314,9,1650528
16.28,736562,929,850,55021,310903,553461,288840,420270,105892,1279846,174799,554,553,542,94,21,327,70,212,508,428,492,3016346,475,191,144,8,1734442
13.08,394378,966,889,47065,160791,280134,139098,222932,53738,770940,71700,371,368,367,165,186,211,48,129,367,348,357,1493462,334,130,125,10,903802
10.94,698405,972,939,73915,289684,506636,245916,336318,69460,1317991,116414,434,434,434,18,17,344,42,262,433,398,428,2581500,405,195,132,14,1521955
7.69,182682,1014,979,10115,84574,146567,99968,167087,32785,310064,33321,41,41,41,9,3,37,25,26,40,37,37,762141,38,31,44,0,541099
20.4,1095354,963,962,877837,388483,646369,379972,533674,118923,1828629,148983,401,401,400,17,3,331,54,297,391,365,387,4271856,377,216,144,16,2945278
8.99,465179,986,930,72513,216427,392140,219830,235152,45680,841893,131439,337,337,337,59,57,283,60,210,299,305,312,1923014,322,194,109,9,1181746
9.32,237716,1010,929,19000,107892,183620,98317,129551,28348,445450,51014,175,175,175,3,3,100,29,21,172,169,171,935686,173,104,67,0,566728
8.76,569487,1001,954,42706,252645,465480,310766,471671,130165,927788,136733,436,435,436,120,114,259,42,66,408,397,428,2418366,420,252,143,8,1673478
7.97,121176,1006,936,12020,57450,92945,51152,61172,11449,222600,43107,143,143,143,0,0,110,15,84,135,143,143,493646,137,81,56,2,286197
9.06,165569,1006,948,15629,77585,126949,69827,83915,14700,251606,94285,187,187,187,35,35,132,31,69,183,182,183,695524,187,119,78,0,388605
7.43,511400,986,956,84550,231057,429640,265802,342720,66697,729764,243302,807,807,806,405,351,605,62,203,806,766,788,2285395,741,278,147,4,1420488
7.95,343613,1014,963,143622,157430,301142,183516,182133,28731,468754,117980,487,487,486,63,54,485,39,198,460,434,457,1488839,466,227,121,4,996580
5.92,275395,1014,970,58345,125555,257964,160095,164666,21672,386956,104047,541,541,540,11,11,539,58,134,475,446,526,1169474,500,197,106,3,788302
7.38,501890,1021,959,376191,192810,366755,239997,251526,48964,750032,147091,777,777,777,54,54,770,55,236,682,721,772,2216138,690,303,149,11,1476256
9.43,311567,1015,955,137241,160851,274368,150638,160456,23817,530282,148007,735,734,735,165,141,587,61,163,585,603,657,1459601,615,260,164,5,907376
4.32,267888,1038,952,36875,114524,234589,150263,165137,36606,408015,105487,511,510,511,173,121,375,41,182,483,472,499,1155356,456,207,150,12,738000
6.75,613475,978,925,353224,239962,461505,291362,347664,82913,949545,138998,550,550,550,131,116,403,39,282,516,475,521,2578201,464,191,142,15,1776654
4.33,272033,978,890,204681,106682,167050,101583,96051,16747,473708,46572,79,78,81,4,3,76,21,69,80,78,79,1093950,78,64,61,3,692797
11.92,447889,1012,958,227942,195093,337849,163100,178755,33822,802521,79282,484,484,484,64,50,232,46,103,430,370,449,1751301,440,161,140,8,1136574
5.73,266200,1036,963,28176,146470,266602,141011,147902,27178,433443,87130,356,354,352,179,83,137,43,30,215,309,309,1187604,326,140,92,20,757344
7.54,382260,1050,952,150539,188588,363353,195377,189290,44251,588596,90215,424,423,421,113,53,421,50,164,420,377,403,1572273,413,210,125,12,1131406
11.97,661944,1042,956,172218,328745,626456,324891,314809,61913,1120752,160365,445,445,442,55,47,391,58,194,430,385,424,2723988,417,251,168,17,1829064
4.34,376499,1014,968,159304,203021,338217,206633,332651,68484,454378,93678,69,69,67,7,1,62,14,56,64,66,66,1676034,61,55,65,9,1308322
18.29,321777,951,967,11270,299223,326328,212458,124022,61995,436870,97478,274,271,248,174,NA,219,35,28,226,180,245,1532982,275,221,217,2,1035378
6.1,164207,945,960,7824,163268,144445,86398,38584,18952,226467,77227,269,269,246,129,34,180,35,23,179,167,221,767440,264,190,167,3,459502
10.79,62085,935,964,2900,55253,52169,28224,15189,4660,92570,34191,148,147,108,47,8,58,12,8,75,72,127,307868,138,69,52,0,158397
26.44,116265,951,969,5818,130341,118853,61657,37898,14243,156385,38373,166,157,156,85,NA,121,33,24,132,94,136,590913,164,108,82,1,368822
23.35,456015,865,871,83149,386438,378461,244946,259613,89275,692341,125187,1239,1238,1188,404,NA,606,29,80,742,344,1071,2896863,995,285,97,4,1444013
24.61,529134,871,859,91426,452742,436539,322658,335119,99142,899536,273617,865,865,850,154,NA,506,52,73,700,359,817,3543362,794,286,121,22,1738529
27.16,482352,896,905,69827,400328,391724,281969,239162,77545,708265,176216,2049,2048,1871,273,NA,579,22,40,1340,344,1688,3131619,1382,348,93,13,1461119
26.45,573063,875,911,66718,372713,324557,259962,242977,91876,993623,188373,1519,1519,1134,520,NA,502,26,62,666,209,1090,3810983,1246,261,113,8,1358935
27.98,288333,879,921,49972,172387,142336,102778,90991,32679,457175,87236,1083,1083,916,442,NA,456,52,66,506,73,767,1923739,838,154,43,4,591351
29.72,227569,885,910,18356,169030,160661,118818,97240,27853,382742,95361,915,915,723,184,NA,320,13,11,267,78,624,1499068,672,129,51,5,592056
24.16,458106,872,856,36521,346517,366095,310234,387800,159151,737166,158690,611,611,606,60,85,351,34,65,349,248,569,2997361,555,246,96,6,1606469
13,168753,847,850,17377,135812,136783,130501,159698,35506,289862,90448,283,283,277,79,NA,111,17,26,181,114,244,1163991,262,111,90,6,615873
47.47,538009,860,854,46842,378697,412224,362683,485991,212861,799884,138367,512,512,513,100,NA,456,30,114,302,85,457,3290586,476,207,61,13,1899735
35.7,204302,841,853,17445,142970,141557,130814,158673,84210,308884,54930,388,388,360,144,NA,358,14,47,190,75,289,1202030,326,97,68,6,675669
22.22,456218,879,867,65687,338698,339719,295810,289415,78539,786708,387097,1119,1118,1054,297,NA,599,34,66,472,214,925,2913122,989,264,157,20,1408082
22.08,465488,862,885,53528,343151,320601,286958,314134,101715,697481,218817,1176,1176,1093,335,NA,512,20,62,561,138,919,2992286,1027,357,141,5,1420604
18.32,208613,858,885,20925,168516,159226,137286,150874,38630,295388,96582,652,652,570,253,NA,129,13,29,281,23,493,1336031,513,158,69,10,675483
26.95,317370,840,872,32537,260307,236973,195806,230782,69029,538167,232751,721,720,628,350,NA,260,15,33,345,74,597,2074516,624,215,102,9,1025566
31.27,544463,846,865,93457,420294,422524,342632,428490,145320,814102,170203,898,898,714,283,NA,324,39,70,396,146,753,3620436,817,225,79,10,1852919
33.44,308918,852,886,25244,270443,265743,215628,229765,58570,455028,103913,790,788,675,263,NA,338,21,68,272,96,583,2052958,662,203,78,16,1065525
24.2,427839,849,891,44689,317447,309113,241463,247453,60202,659834,142584,1502,1501,1014,364,NA,575,25,53,536,188,949,2790410,1219,350,136,21,1220398
21.5,243022,857,892,18133,195669,208417,197763,184805,37230,365115,74083,819,818,588,240,NA,192,24,39,231,47,514,1596718,653,193,64,12,842119
25.36,471156,842,889,35042,302281,229555,181719,136571,39150,768945,153155,1768,1767,1040,462,NA,448,26,71,420,197,917,3069426,1348,260,66,8,924643
26.96,554761,871,905,61313,390960,318039,272576,242633,101026,862821,232260,1855,1854,1301,1002,NA,353,20,37,823,155,1281,3618589,1394,277,60,3,1387124
28.11,254070,877,939,29001,200415,176658,130982,94681,25895,360300,101039,1191,1188,806,497,NA,150,8,24,426,110,771,1645183,860,174,24,2,657860
28.28,400657,842,897,46254,301453,267891,195084,153057,40276,615499,114026,2115,2114,1115,680,NA,537,31,59,582,109,998,2547855,1422,305,63,9,1004296
32.28,509388,871,942,112257,373346,332730,224634,152601,48189,838041,170511,1685,1683,1173,756,NA,594,35,80,930,176,886,3207232,1384,349,80,10,1244189
26.58,596177,864,935,88028,435619,374428,264396,186665,54991,923925,201584,2312,2312,1271,909,NA,603,49,60,962,131,1167,3619661,1747,473,88,8,1404443
23.67,560319,844,914,43704,421372,403917,282722,214492,53650,904115,193546,1864,1864,865,617,NA,463,30,58,432,170,1036,3398306,1498,408,113,26,1420161
22.72,465061,898,922,39489,329946,331098,260419,200805,53066,685498,240837,1675,1675,1000,679,NA,413,32,114,610,106,767,2700324,1273,339,100,12,1215090
33.25,644269,888,915,61069,389674,407935,360060,538835,371574,900181,186219,822,822,697,383,NA,272,25,32,372,50,582,3647834,686,159,42,6,2129942
23.66,499185,951,941,50749,330304,335367,257191,227681,57701,660527,362979,1719,1719,1609,690,NA,505,47,51,706,106,825,2872335,1270,301,111,35,1259547
22.8,241422,848,897,29656,194876,194992,160631,159121,41417,380901,81952,869,869,618,286,NA,176,11,34,474,132,488,1570408,683,190,87,11,780747
19.58,212647,866,911,18073,170818,175550,165586,138322,30008,347072,110519,686,685,459,270,NA,234,17,27,303,61,315,1388923,572,159,82,11,698434
21.59,214222,858,894,15189,167879,191208,182517,163037,46519,298612,69997,685,685,524,289,186,104,11,6,281,52,489,1338871,597,304,50,3,766407
14.7,193269,856,894,10306,152325,164161,167635,145814,40118,285149,103111,764,764,406,312,NA,126,14,5,206,70,466,1179993,602,269,63,8,680440
21.55,259937,852,892,40379,191474,204604,204088,175786,35974,377230,135981,965,965,526,261,NA,431,18,53,330,69,547,1563336,825,240,114,11,852350
27.17,714380,855,868,126997,427139,523812,513054,722936,344813,1040278,207555,897,897,633,373,NA,419,30,87,383,56,685,4167999,783,270,85,13,2659833
27.17,230664,849,889,25732,166869,198625,168398,170971,51376,356090,166791,916,916,618,436,NA,317,22,52,475,139,514,1454452,822,259,77,10,782033
23.23,289863,871,885,35153,199330,237254,202763,203745,80467,466903,179104,750,750,518,354,NA,285,15,41,381,146,435,1744931,657,203,40,4,958769
29.98,166012,882,930,10069,124307,112900,73177,46384,17649,289137,133228,669,669,352,237,NA,164,13,19,247,201,300,977734,569,155,14,0,384491
17.85,175948,851,903,14176,127621,132703,109254,81039,25732,270959,137741,512,512,345,206,NA,264,17,65,245,120,353,1043724,464,189,24,1,490606
21.8,118970,866,901,9387,88463,85608,62340,44785,15048,204026,95746,403,403,172,148,14,131,8,24,134,54,197,708447,358,99,11,0,305662
18.49,249911,860,916,21620,196964,177757,128951,106364,39166,412443,206918,675,675,438,238,133,191,14,33,243,112,374,1537334,590,246,35,4,670986
34.33,121827,873,928,45903,136948,88144,54894,52070,15028,224429,99527,524,524,270,156,53,138,17,18,124,57,211,766225,430,135,38,8,392997
21.4,390592,893,926,45058,276056,283399,212399,195708,49519,594435,275177,1339,1339,932,451,NA,304,30,45,364,90,675,2308384,1077,298,132,27,1062431
23.36,438936,1004,935,49846,327551,337855,243357,258383,60953,578632,337154,2179,2179,1717,1060,NA,504,34,35,688,209,1377,2731174,1374,354,151,20,1278271
26.73,217248,895,945,21421,146645,120937,81498,95162,16038,325303,181430,734,734,527,351,NA,266,16,53,158,81,528,1293154,545,187,73,12,481756
26.72,740941,879,917,152585,536398,542568,404832,616060,254138,1106598,564751,2783,2783,2289,1066,NA,651,53,66,910,201,1956,4936105,1733,613,214,61,2506942
26.4,459077,887,941,58697,283111,276581,197416,166060,40792,724352,259399,1816,1815,1095,795,NA,442,28,52,736,73,991,2673581,1303,241,68,10,1023004
23.87,343000,939,944,28168,243946,258162,182226,186048,61532,527901,295816,1227,1226,1041,372,NA,277,15,34,573,30,772,2088928,917,250,95,12,960361
24.31,294711,978,942,34697,252500,263863,182351,166943,54150,442210,235770,1666,1662,1334,700,NA,361,16,39,603,30,734,2026876,996,251,93,17,954537
24.2,507320,980,940,57138,385658,401426,291887,239948,72064,679114,353406,2484,2483,1955,742,NA,621,53,67,1019,125,1528,3214832,1713,427,133,32,1448422
29.55,385525,867,969,59540,202872,180251,98848,94105,30157,632957,211363,1189,1189,587,413,142,352,28,48,411,100,544,2381072,936,177,67,7,665826
27.3,189968,862,941,33104,92362,85177,53384,44076,10077,338879,147596,672,672,352,255,123,328,11,20,179,45,305,1176391,577,67,24,4,318353
23.08,256300,895,960,33743,150287,130160,68865,63201,18324,501620,212439,996,995,607,490,104,330,18,32,308,103,487,1682350,794,120,25,5,464587
25.46,429606,906,951,52860,264319,263721,164966,160639,42611,697223,241871,1813,1813,1065,659,NA,474,25,31,806,45,842,2765586,1307,252,54,13,949342
26.78,307765,948,963,42382,225046,195334,96690,96297,22990,493431,283056,2322,2320,1066,827,NA,402,25,51,345,86,1081,2040085,1172,194,59,8,678900
22.69,315309,938,938,42684,241829,227708,158454,165101,44900,483455,251721,3092,3092,1680,1085,NA,362,28,41,349,91,1331,2084814,1192,237,117,13,880827
23.64,209122,974,940,26910,171503,166682,96863,91256,20153,295045,194025,1555,1551,1045,784,NA,262,14,25,250,52,832,1420226,691,148,49,6,573384
29.27,334687,934,957,58490,245436,208643,130154,127993,29119,479400,371113,1189,1188,862,676,NA,311,25,42,410,92,730,2173878,859,174,68,10,799890
23.44,555775,960,933,49969,439965,417463,344819,403787,142000,692824,443471,2823,2823,1947,1252,NA,509,43,81,810,79,1603,3769456,1635,453,180,22,1798769
28.17,427910,963,954,44006,303093,277443,193620,213155,51110,574887,415236,1561,1560,1055,853,141,418,34,48,364,120,923,2893196,1224,243,107,26,1082779
25.03,379407,1002,947,45017,320758,293746,241401,313605,73776,465463,308439,1985,1985,1565,1038,NA,514,33,53,563,154,1206,2712650,1389,336,180,18,1288320
26.28,542994,1020,949,95354,481703,488064,301696,335005,88331,770269,429573,3702,3699,3223,782,NA,543,38,52,1013,243,2149,3939916,1753,432,169,30,1790357
27.91,250586,986,945,35732,240832,230309,151200,209941,51432,396864,202536,1458,1458,1378,387,NA,292,24,28,503,58,1000,1853997,849,252,88,12,919974
21.67,380008,953,942,50873,278437,290499,242750,356292,79805,504543,289892,1795,1793,1550,682,NA,457,39,49,538,215,1070,2761620,1056,316,145,8,1298700
21.67,549264,1014,930,130942,489839,474457,320040,353792,102382,789047,426468,3266,3264,2726,930,NA,621,30,46,873,191,2009,3911679,1919,539,256,40,1871674
26.18,426203,976,934,49690,358774,339108,271095,343199,83003,647379,306133,2597,2597,2283,851,NA,493,32,68,504,369,1317,3037582,1308,393,286,20,1444871
28.63,234574,922,936,22354,187013,183781,152196,190941,48931,339953,187680,1370,1363,927,530,NA,282,21,28,341,194,878,1643251,748,231,54,15,785284
25.51,430651,903,919,66079,397747,383652,276666,402220,167979,770799,211255,1268,1268,1198,274,NA,362,35,47,543,166,957,3138671,778,285,134,22,1694405
25.47,161865,917,915,19532,174634,167649,106412,125670,31499,271578,117056,1082,1082,971,413,NA,229,13,16,489,48,825,1353705,502,154,51,2,625404
27.62,305151,897,928,25322,257429,238563,165779,192266,55604,498926,215813,1731,1726,1198,673,NA,318,36,54,659,162,1002,2116042,1096,207,67,12,935101
36.13,251463,898,956,18763,158654,149164,96190,110600,37862,360180,177755,1342,1340,555,456,NA,207,17,24,265,114,566,1463519,744,139,51,8,571318
22.72,55558,941,942,4387,40355,40229,33196,30629,12283,114842,21062,675,656,570,557,4,106,8,20,195,188,194,295013,557,238,97,3,161161
13.51,76121,1016,934,7880,51642,66405,49191,45880,16250,96900,67829,1139,1116,883,870,8,147,8,6,357,212,204,370359,804,274,135,7,237354
13.44,47539,1115,953,2261,33501,39973,31298,25639,8386,76068,25965,654,648,593,534,11,143,5,10,255,231,206,227439,468,189,116,3,141078
16.15,117754,1049,927,4730,86479,86609,65227,71619,23069,181205,83510,1729,1519,1275,1255,NA,202,10,23,377,295,246,604747,1115,381,118,7,337816
24.71,239975,887,894,16937,153390,177169,149514,241917,137075,336504,63971,723,696,640,530,22,334,27,43,317,226,319,1282143,556,212,129,5,876441
3.87,149987,1106,929,5655,93020,117782,96994,112562,35643,171647,98224,3070,2853,2185,2051,21,392,19,18,580,634,366,697078,1549,483,190,12,461675
10.92,98514,1031,902,3921,68019,82525,65813,58872,17190,124062,74647,1564,1496,1159,1141,8,190,10,27,405,185,249,462289,821,275,124,8,296362
17.56,51949,1105,929,2747,38197,43314,33283,25892,5029,85613,33231,842,738,627,567,11,101,7,11,189,94,143,249462,483,128,76,1,148464
3.14,131052,1146,932,7012,90912,112370,85177,75309,21832,204649,87533,2165,2045,1791,1505,14,260,18,35,500,330,357,630567,1238,291,183,6,392640
9.21,43902,1021,934,1605,35900,39247,25803,21073,6311,56165,34043,649,574,395,379,7,67,11,13,168,60,147,224542,347,107,37,2,129947
32.88,142113,906,910,7442,105127,123772,93046,121368,57934,220995,57952,1074,1030,992,862,114,215,20,26,566,192,558,762909,645,278,91,7,508731
27.79,208076,902,913,19431,175226,168433,116119,130102,49692,300141,92015,669,658,646,250,NA,186,18,28,504,180,595,1235614,485,183,73,6,659165
26.3,240702,865,862,25424,185122,177673,133232,163777,69461,353556,71707,494,489,444,109,NA,296,23,30,321,126,448,1447187,422,120,42,5,754948
23.54,318737,937,961,26105,293918,238539,184564,192799,71644,478851,90591,633,554,391,377,8,395,27,141,281,252,385,1609172,472,161,90,3,1008288
21.52,688139,942,969,36191,726663,450354,294751,230179,70820,1025433,277703,741,732,524,462,NA,570,47,181,439,395,496,3401173,700,181,128,3,1810083
14.15,517878,949,963,23424,592743,365660,210694,153907,40012,754311,212394,1138,1137,583,537,26,758,40,203,323,337,519,2479155,922,184,159,3,1386965
28.72,464648,938,965,34890,407587,195557,147724,107439,29145,716483,219041,1465,1463,757,665,70,648,29,142,541,339,537,2441794,1044,136,108,1,923477
22.11,318079,951,965,17380,348112,182219,130432,93373,27518,471187,141541,1573,1573,892,717,NA,627,25,103,362,323,370,1503178,998,139,133,1,799479
24.77,631935,948,963,29219,581062,313521,203944,159619,44408,967143,373563,1637,1637,1126,922,NA,794,46,218,644,368,591,3290468,1144,262,214,5,1332704
23.7,1140095,952,971,66432,1087866,681327,384598,308022,91654,1672311,332863,1899,1899,1624,1035,NA,1273,83,385,680,569,891,5866569,1566,392,311,5,2620538
17.88,598429,950,963,29564,603030,371539,264683,209034,74737,831699,296798,2237,2234,1956,1605,NA,1018,73,162,837,752,813,3015422,1770,340,271,6,1553852
14.36,1390072,922,956,105666,1329183,991623,728878,748285,297950,1902334,548907,2437,2433,2207,1825,NA,1588,115,496,1372,1134,1626,6895514,2157,504,428,7,4205146
19.51,959987,946,971,42781,947612,695736,465510,364806,127632,1405724,209981,1245,1245,1161,752,NA,738,59,126,595,452,785,4604827,1133,283,244,6,2644461
22.64,1826518,926,957,92843,1711235,1423093,1133954,1167918,621001,2623352,364808,1567,1567,1274,943,NA,955,61,314,791,482,1286,8934286,1391,316,324,4,6151527
15.72,1043895,947,951,42708,1046502,854367,578414,543704,267093,1528040,331447,1884,1884,1826,1105,NA,1268,67,374,1080,759,1095,5041976,1607,371,289,9,3333988
13.79,606020,952,952,31455,640634,411875,330270,240753,78487,944216,483056,3548,3546,2214,2026,192,1081,86,291,841,1027,1122,3192695,2663,356,317,7,1734222
13.96,449895,954,964,30730,428648,276749,229429,166519,49425,645506,481982,2452,2443,1232,1201,6,1173,66,157,563,651,778,2536516,2135,270,195,6,1182284
15.68,1827721,955,951,86179,2465907,1586123,1034942,743625,246415,2530112,1220945,10475,10455,4835,4150,NA,3560,175,878,2128,1807,4166,9610788,6133,1122,831,22,6164316
14.6,838520,906,955,37531,890143,759810,506707,489226,211494,1224972,213902,726,726,682,623,NA,410,46,150,363,331,623,4273099,683,196,154,6,2895625
4.11,929586,829,927,90294,564119,627376,579556,863520,654046,1623779,93955,NA,NA,NA,NA,NA,NA,NA,NA,NA,NA,NA,4572876,NA,NA,NA,NA,3382103
20.89,1321929,937,964,69188,1682734,1024531,641593,465067,182893,1678130,564630,2079,2077,1322,1300,6,1311,82,479,931,760,1634,6906689,1774,535,398,12,4067343
